id,dias_desde_ajuizamento,ano_ajuizamento,mes_ajuizamento,eh_segunda,eh_sexta,municipio_fortaleza,qtd_assuntos,tem_tutela_urgencia,tem_obrigacao_fazer,tem_dano_moral,qtd_movimentos,velocidade_movimentos,complexidade_score,tem_recurso,sexo_juiz_bin,sexo_requerente_bin,sentenca_favoravel,eh_indenizacao_por_dano_moral,eh_fornecimento_de_medicamentos,eh_tutela_de_urgência,eh_obrigacao_de_fazer__nao_fazer,eh_urgência,eh_tratamento_medico_hospitalar,eh_fornecimento_de_insumos,eh_prestacao_de_servicos,eh_plano_de_saude,eh_interdicao,eh_direitos_da_personalidade,eh_multa_cominatoria__astreintes,eh_assistência_a_saude,eh_fazenda_publica
1,19,2025,8,0,1,0,3,0,0,1,3,0.1579,9,1,0,1,0,1,0,0,0,0,0,0,0,0,0,0,0,0,0
2,68,2025,8,0,0,0,2,0,1,0,11,0.1618,22,1,1,1,0,0,1,0,0,0,0,0,0,0,0,0,0,0,0
3,68,2025,8,0,0,0,2,0,1,0,18,0.2647,36,1,1,0,1,0,1,0,0,0,0,0,0,0,0,0,0,0,0
4,74,2025,7,0,0,0,2,0,1,0,20,0.2703,40,1,1,0,1,0,1,0,0,0,0,0,0,0,0,0,0,0,0
5,42,2025,7,0,0,0,1,0,0,0,9,0.2143,9,1,0,1,1,0,1,0,0,0,0,0,0,0,0,0,0,0,0
6,43,2025,7,0,0,0,1,0,0,0,6,0.1395,6,1,1,1,1,0,1,0,0,0,0,0,0,0,0,0,0,0,0
7,18,2025,7,0,0,1,1,0,0,0,3,0.1667,3,1,1,1,1,0,1,0,0,0,0,0,0,0,0,0,0,0,0
8,44,2025,7,1,0,0,2,0,0,0,9,0.2045,18,1,0,1,1,0,0,1,0,0,0,0,0,0,0,0,0,0,0
9,19,2025,7,1,0,0,2,0,0,0,4,0.2105,8,1,0,1,1,0,1,0,0,0,0,0,0,0,0,0,0,0,0
10,103,2025,7,0,0,0,2,0,1,0,20,0.1942,40,1,1,1,0,0,1,0,0,0,0,0,0,0,0,0,0,0,0
11,105,2025,6,1,0,0,2,0,1,0,14,0.1333,28,1,1,0,0,0,1,0,0,0,0,0,0,0,0,0,0,0,0
12,77,2025,6,0,0,0,2,0,1,0,25,0.3247,50,1,1,0,0,0,0,0,1,0,0,0,0,0,0,0,0,0,0
13,81,2025,6,0,0,1,1,0,0,0,29,0.358,29,0,1,0,1,0,1,0,0,0,0,0,0,0,0,0,0,0,0
14,39,2025,6,1,0,0,1,0,0,0,6,0.1538,6,1,1,0,0,0,1,0,0,0,0,0,0,0,0,0,0,0,0
15,42,2025,5,0,1,0,4,0,1,1,8,0.1905,32,1,0,1,1,0,0,1,0,0,0,0,0,0,0,0,0,0,0
16,87,2025,5,0,0,1,1,0,0,0,35,0.4023,35,0,1,0,1,0,1,0,0,0,0,0,0,0,0,0,0,0,0
17,150,2025,5,0,1,0,2,0,1,0,16,0.1067,32,1,1,1,0,0,1,0,0,0,0,0,0,0,0,0,0,0,0
18,133,2025,4,0,0,0,1,0,0,0,33,0.2481,33,1,1,1,0,0,1,0,0,0,0,0,0,0,0,0,0,0,0
19,138,2025,3,1,0,0,1,0,0,0,22,0.1594,22,1,0,-1,0,0,1,0,0,0,0,0,0,0,0,0,0,0,0
20,155,2025,3,0,1,1,1,0,0,0,24,0.1548,24,0,1,1,1,0,1,0,0,0,0,0,0,0,0,0,0,0,0
21,96,2025,3,0,0,1,1,0,0,0,31,0.3229,31,0,1,1,0,0,1,0,0,0,0,0,0,0,0,0,0,0,0
22,104,2025,2,0,0,1,1,0,0,0,28,0.2692,28,0,1,1,1,0,1,0,0,0,0,0,0,0,0,0,0,0,0
23,138,2025,2,0,0,1,1,0,0,0,33,0.2391,33,0,1,0,0,0,1,0,0,0,0,0,0,0,0,0,0,0,0
24,108,2025,2,0,0,1,1,0,0,0,31,0.287,31,0,1,0,0,0,1,0,0,0,0,0,0,0,0,0,0,0,0
25,178,2025,2,0,0,0,1,0,0,0,47,0.264,47,1,0,1,1,0,1,0,0,0,0,0,0,0,0,0,0,0,0
26,204,2025,2,0,0,0,1,0,0,0,58,0.2843,58,1,1,1,1,0,1,0,0,0,0,0,0,0,0,0,0,0,0
27,143,2025,2,0,0,0,1,0,0,0,48,0.3357,48,1,1,1,1,0,1,0,0,0,0,0,0,0,0,0,0,0,0
28,144,2025,2,1,0,0,1,0,0,0,32,0.2222,32,1,0,-1,0,0,1,0,0,0,0,0,0,0,0,0,0,0,0
29,185,2025,2,0,0,1,1,0,0,0,42,0.227,42,0,1,1,1,0,1,0,0,0,0,0,0,0,0,0,0,0,0
30,211,2025,2,0,0,1,1,0,0,0,35,0.1659,35,0,1,1,1,0,1,0,0,0,0,0,0,0,0,0,0,0,0
31,194,2025,2,1,0,1,1,0,0,0,36,0.1856,36,0,0,1,1,0,1,0,0,0,0,0,0,0,0,0,0,0,0
32,178,2025,1,0,0,0,2,0,0,0,28,0.1573,56,1,0,1,0,0,1,0,0,0,0,0,0,0,0,0,0,0,0
33,174,2024,12,0,0,0,1,0,0,0,11,0.0632,11,1,0,1,0,0,1,0,0,0,0,0,0,0,0,0,0,0,0
34,218,2024,12,0,0,0,2,0,1,0,45,0.2064,90,1,1,1,0,0,1,0,0,0,0,0,0,0,0,0,0,0,0
35,280,2024,12,0,0,0,2,0,1,0,101,0.3607,202,1,0,-1,0,0,0,0,1,0,0,0,0,0,0,0,0,0,0
36,260,2024,11,0,1,0,2,0,0,0,33,0.1269,66,1,0,1,0,0,1,0,0,0,0,0,0,0,0,0,0,0,0
37,329,2024,11,1,0,0,4,1,0,0,86,0.2614,344,1,-1,0,1,0,0,1,0,0,0,0,0,0,0,0,0,0,0
38,245,2024,11,0,1,1,1,0,0,0,50,0.2041,50,0,1,0,0,0,1,0,0,0,0,0,0,0,0,0,0,0,0
39,248,2024,11,0,0,0,2,0,1,0,50,0.2016,100,1,1,0,0,0,1,0,0,0,0,0,0,0,0,0,0,0,0
40,288,2024,11,0,1,0,1,0,0,0,28,0.0972,28,1,-1,1,0,0,1,0,0,0,0,0,0,0,0,0,0,0,0
41,317,2024,10,1,0,0,1,0,0,0,55,0.1735,55,1,1,0,1,0,1,0,0,0,0,0,0,0,0,0,0,0,0
42,292,2024,10,1,0,1,1,0,0,0,47,0.161,47,1,1,0,1,0,1,0,0,0,0,0,0,0,0,0,0,0,0
43,256,2024,10,1,0,0,1,0,0,0,35,0.1367,35,1,1,0,1,0,1,0,0,0,0,0,0,0,0,0,0,0,0
44,322,2024,10,0,0,0,2,0,0,0,54,0.1677,108,1,0,0,1,0,0,1,0,0,0,0,0,0,0,0,0,0,0
45,261,2024,10,0,0,0,2,0,1,0,62,0.2375,124,1,0,0,0,0,1,0,0,0,0,0,0,0,0,0,0,0,0
46,138,2024,10,1,0,0,1,0,0,0,41,0.2971,41,1,0,1,0,0,1,0,0,0,0,0,0,0,0,0,0,0,0
47,201,2024,10,1,0,0,1,0,0,0,39,0.194,39,1,0,1,1,0,1,0,0,0,0,0,0,0,0,0,0,0,0
48,232,2024,10,1,0,0,1,0,0,0,45,0.194,45,1,0,0,0,0,1,0,0,0,0,0,0,0,0,0,0,0,0
49,232,2024,10,1,0,0,1,0,0,0,45,0.194,45,1,0,1,0,0,1,0,0,0,0,0,0,0,0,0,0,0,0
50,206,2024,10,0,0,0,1,0,0,0,40,0.1942,40,1,-1,0,0,0,1,0,0,0,0,0,0,0,0,0,0,0,0
51,306,2024,10,1,0,1,1,0,0,0,46,0.1503,46,0,1,-1,0,0,1,0,0,0,0,0,0,0,0,0,0,0,0
52,371,2024,10,1,0,0,2,0,1,0,72,0.1941,144,1,1,1,0,0,1,0,0,0,0,0,0,0,0,0,0,0,0
53,277,2024,10,1,0,1,1,0,0,0,64,0.231,64,0,1,0,0,0,1,0,0,0,0,0,0,0,0,0,0,0,0
54,133,2024,10,0,0,0,1,0,0,0,31,0.2331,31,1,0,-1,0,0,1,0,0,0,0,0,0,0,0,0,0,0,0
55,163,2024,9,0,0,0,1,0,0,0,41,0.2515,41,1,1,1,0,0,1,0,0,0,0,0,0,0,0,0,0,0,0
56,228,2024,9,0,0,0,1,0,0,0,60,0.2632,60,1,1,1,1,0,1,0,0,0,0,0,0,0,0,0,0,0,0
57,191,2024,9,0,0,0,1,0,0,0,42,0.2199,42,1,1,-1,0,0,1,0,0,0,0,0,0,0,0,0,0,0,0
58,351,2024,9,0,0,0,1,0,0,0,19,0.0541,19,1,0,0,0,0,1,0,0,0,0,0,0,0,0,0,0,0,0
59,290,2024,9,0,0,0,1,0,0,0,18,0.0621,18,1,0,0,0,0,1,0,0,0,0,0,0,0,0,0,0,0,0
60,203,2024,9,0,1,0,2,0,0,0,66,0.3251,132,1,0,1,1,0,0,0,0,1,0,0,0,0,0,0,0,0,0
61,240,2024,9,0,0,1,1,0,0,0,42,0.175,42,0,1,-1,0,0,1,0,0,0,0,0,0,0,0,0,0,0,0
62,397,2024,9,0,0,0,3,0,1,0,111,0.2796,333,1,1,0,0,0,1,0,0,0,0,0,0,0,0,0,0,0,0
63,178,2024,9,0,0,0,2,0,1,0,44,0.2472,88,1,1,-1,1,0,1,0,0,0,0,0,0,0,0,0,0,0,0
64,241,2024,9,0,0,0,2,0,1,0,54,0.2241,108,1,1,1,1,0,1,0,0,0,0,0,0,0,0,0,0,0,0
65,341,2024,9,1,0,1,1,0,0,0,39,0.1144,39,0,1,1,0,0,1,0,0,0,0,0,0,0,0,0,0,0,0
66,256,2024,8,0,0,0,2,0,0,0,46,0.1797,92,1,1,1,0,0,0,0,0,0,1,0,0,0,0,0,0,0,0
67,225,2024,8,0,1,0,1,0,0,0,54,0.24,54,1,0,0,0,0,1,0,0,0,0,0,0,0,0,0,0,0,0
68,77,2024,8,0,0,1,1,0,0,0,27,0.3506,27,0,1,0,1,0,1,0,0,0,0,0,0,0,0,0,0,0,0
69,111,2024,8,0,0,1,1,0,0,0,29,0.2613,29,0,1,0,1,0,1,0,0,0,0,0,0,0,0,0,0,0,0
70,82,2024,8,0,1,1,1,0,0,0,32,0.3902,32,0,1,0,1,0,1,0,0,0,0,0,0,0,0,0,0,0,0
71,86,2024,8,1,0,1,1,0,0,0,34,0.3953,34,0,1,1,1,0,1,0,0,0,0,0,0,0,0,0,0,0,0
72,372,2024,8,0,1,0,1,0,0,0,23,0.0618,23,1,0,1,1,0,1,0,0,0,0,0,0,0,0,0,0,0,0
73,90,2024,8,0,0,1,1,0,0,0,31,0.3444,31,0,1,0,1,0,1,0,0,0,0,0,0,0,0,0,0,0,0
74,92,2024,8,0,0,1,1,0,0,0,29,0.3152,29,0,1,0,1,0,1,0,0,0,0,0,0,0,0,0,0,0,0
75,92,2024,8,0,0,0,1,0,0,0,44,0.4783,44,1,0,1,0,0,1,0,0,0,0,0,0,0,0,0,0,0,0
76,123,2024,8,0,0,1,1,0,0,0,31,0.252,31,0,1,0,1,0,1,0,0,0,0,0,0,0,0,0,0,0,0
77,155,2024,8,0,0,0,2,0,1,0,38,0.2452,76,1,0,0,0,0,1,0,0,0,0,0,0,0,0,0,0,0,0
78,126,2024,8,0,0,1,1,0,0,0,46,0.3651,46,0,1,1,0,0,1,0,0,0,0,0,0,0,0,0,0,0,0
79,97,2024,8,0,0,1,1,0,0,0,27,0.2784,27,0,1,0,1,0,1,0,0,0,0,0,0,0,0,0,0,0,0
80,97,2024,8,0,0,1,1,0,0,0,34,0.3505,34,0,1,1,0,0,1,0,0,0,0,0,0,0,0,0,0,0,0
81,160,2024,8,0,0,1,1,0,0,0,45,0.2812,45,0,1,0,1,0,1,0,0,0,0,0,0,0,0,0,0,0,0
82,344,2024,8,0,0,0,1,0,0,0,105,0.3052,105,1,0,-1,0,0,1,0,0,0,0,0,0,0,0,0,0,0,0
83,129,2024,7,0,0,0,1,0,0,0,45,0.3488,45,1,0,1,0,0,1,0,0,0,0,0,0,0,0,0,0,0,0
84,71,2024,7,0,0,1,1,0,0,0,28,0.3944,28,0,1,0,1,0,1,0,0,0,0,0,0,0,0,0,0,0,0
85,222,2024,7,1,0,0,1,0,0,0,43,0.1937,43,1,0,1,1,0,1,0,0,0,0,0,0,0,0,0,0,0,0
86,249,2024,7,1,0,1,1,0,0,0,33,0.1325,33,0,1,0,1,0,1,0,0,0,0,0,0,0,0,0,0,0,0
87,319,2024,7,0,1,1,2,0,0,0,60,0.1881,120,0,-1,0,0,0,1,0,0,0,0,0,0,0,0,0,0,0,0
88,387,2024,7,0,0,0,1,0,0,0,25,0.0646,25,0,-1,-1,1,0,1,0,0,0,0,0,0,0,0,0,0,0,0
89,76,2024,7,0,0,1,1,0,0,0,33,0.4342,33,0,1,1,1,0,1,0,0,0,0,0,0,0,0,0,0,0,0
90,352,2024,7,0,0,0,1,0,0,0,43,0.1222,43,1,0,1,0,0,1,0,0,0,0,0,0,0,0,0,0,0,0
91,105,2024,7,0,0,1,1,0,0,0,27,0.2571,27,0,1,-1,1,0,1,0,0,0,0,0,0,0,0,0,0,0,0
92,79,2024,7,1,0,1,1,0,0,0,27,0.3418,27,0,1,1,1,0,1,0,0,0,0,0,0,0,0,0,0,0,0
93,79,2024,7,1,0,1,1,0,0,0,27,0.3418,27,0,1,0,1,0,1,0,0,0,0,0,0,0,0,0,0,0,0
94,79,2024,7,1,0,1,1,0,0,0,25,0.3165,25,0,1,1,1,0,1,0,0,0,0,0,0,0,0,0,0,0,0
95,107,2024,7,1,0,1,1,0,0,0,30,0.2804,30,0,1,-1,1,0,1,0,0,0,0,0,0,0,0,0,0,0,0
96,138,2024,7,1,0,1,1,0,0,0,49,0.3551,49,0,1,0,0,0,1,0,0,0,0,0,0,0,0,0,0,0,0
97,359,2024,7,0,0,1,1,0,0,0,51,0.1421,51,0,0,-1,0,0,1,0,0,0,0,0,0,0,0,0,0,0,0
98,181,2024,7,0,0,1,1,0,0,0,42,0.232,42,0,1,1,0,0,1,0,0,0,0,0,0,0,0,0,0,0,0
99,307,2024,7,0,0,0,2,1,0,0,62,0.202,124,1,0,1,1,0,1,0,0,0,0,0,0,0,0,0,0,0,0
100,404,2024,7,1,0,0,1,0,0,0,28,0.0693,28,1,0,1,1,0,1,0,0,0,0,0,0,0,0,0,0,0,0
101,98,2024,7,0,0,0,1,0,0,0,17,0.1735,17,0,-1,0,1,0,1,0,0,0,0,0,0,0,0,0,0,0,0
102,103,2024,6,0,1,1,2,0,0,0,75,0.7282,150,0,1,0,0,0,0,0,0,0,1,0,0,0,0,0,0,0,0
103,318,2024,6,0,1,0,1,0,0,0,90,0.283,90,1,0,1,0,0,1,0,0,0,0,0,0,0,0,0,0,0,0
104,416,2024,6,0,0,1,1,0,0,0,49,0.1178,49,0,1,1,0,0,1,0,0,0,0,0,0,0,0,0,0,0,0
105,327,2024,6,1,0,0,1,0,0,0,99,0.3028,99,1,0,1,0,0,1,0,0,0,0,0,0,0,0,0,0,0,0
106,144,2024,6,0,0,1,1,0,0,0,47,0.3264,47,0,1,1,0,0,1,0,0,0,0,0,0,0,0,0,0,0,0
107,453,2024,6,0,1,1,1,0,0,0,41,0.0905,41,0,1,1,0,0,1,0,0,0,0,0,0,0,0,0,0,0,0
108,394,2024,6,0,0,0,1,0,0,0,44,0.1117,44,1,0,1,1,0,1,0,0,0,0,0,0,0,0,0,0,0,0
109,271,2024,6,1,0,0,1,0,0,0,46,0.1697,46,1,-1,1,0,0,1,0,0,0,0,0,0,0,0,0,0,0,0
110,105,2024,6,0,0,1,1,0,0,0,26,0.2476,26,0,1,0,1,0,1,0,0,0,0,0,0,0,0,0,0,0,0
111,78,2024,6,1,0,1,1,0,0,0,31,0.3974,31,0,1,1,1,0,1,0,0,0,0,0,0,0,0,0,0,0,0
112,467,2024,5,0,1,0,2,0,0,0,21,0.045,42,1,0,1,0,0,0,1,0,0,0,0,0,0,0,0,0,0,0
113,406,2024,5,0,1,0,2,0,0,0,20,0.0493,40,1,0,1,0,0,1,0,0,0,0,0,0,0,0,0,0,0,0
114,190,2024,5,0,1,0,2,0,0,0,50,0.2632,100,1,0,1,1,0,0,0,0,0,0,1,0,0,0,0,0,0,0
115,446,2024,5,1,0,1,1,0,0,0,64,0.1435,64,0,0,1,1,0,1,0,0,0,0,0,0,0,0,0,0,0,0
116,135,2024,5,1,0,1,1,0,0,0,46,0.3407,46,0,1,-1,1,0,1,0,0,0,0,0,0,0,0,0,0,0,0
117,135,2024,5,1,0,1,1,0,0,0,60,0.4444,60,0,1,1,1,0,1,0,0,0,0,0,0,0,0,0,0,0,0
118,138,2024,5,0,1,0,1,0,0,0,22,0.1594,22,0,0,1,1,0,1,0,0,0,0,0,0,0,0,0,0,0,0
119,139,2024,5,0,0,0,1,0,0,0,60,0.4317,60,0,0,1,1,0,1,0,0,0,0,0,0,0,0,0,0,0,0
120,476,2024,5,0,0,1,2,0,0,0,108,0.2269,216,0,0,1,1,0,0,1,0,0,0,0,0,0,0,0,0,0,0
121,319,2024,5,1,0,0,2,0,0,0,75,0.2351,150,1,-1,1,0,0,1,0,0,0,0,0,0,0,0,0,0,0,0
122,106,2024,5,0,1,1,1,0,0,0,41,0.3868,41,0,1,0,1,0,1,0,0,0,0,0,0,0,0,0,0,0,0
123,106,2024,5,0,1,1,1,0,0,0,30,0.283,30,0,1,0,1,0,1,0,0,0,0,0,0,0,0,0,0,0,0
124,125,2024,5,0,0,1,1,0,0,0,31,0.248,31,0,1,1,1,0,1,0,0,0,0,0,0,0,0,0,0,0,0
125,108,2024,5,0,0,1,1,0,0,0,28,0.2593,28,0,1,-1,1,0,1,0,0,0,0,0,0,0,0,0,0,0,0
126,459,2024,5,0,0,0,2,0,0,0,38,0.0828,76,1,0,1,0,0,1,0,0,0,0,0,0,0,0,0,0,0,0
127,208,2024,5,1,0,0,5,1,0,1,41,0.1971,205,0,-1,0,1,0,1,0,0,0,0,0,0,0,0,0,0,0,0
128,180,2024,5,0,1,0,1,0,0,0,49,0.2722,49,1,0,1,1,0,1,0,0,0,0,0,0,0,0,0,0,0,0
129,464,2024,5,0,0,1,1,0,0,0,70,0.1509,70,0,0,1,1,0,1,0,0,0,0,0,0,0,0,0,0,0,0
130,464,2024,5,0,0,1,2,0,0,0,49,0.1056,98,0,0,1,0,0,0,0,0,0,0,0,1,0,0,0,0,0,0
131,114,2024,5,0,0,1,1,0,0,0,32,0.2807,32,0,1,0,1,0,1,0,0,0,0,0,0,0,0,0,0,0,0
132,114,2024,5,0,0,1,1,0,0,0,33,0.2895,33,0,1,0,1,0,1,0,0,0,0,0,0,0,0,0,0,0,0
133,429,2024,5,0,0,0,1,0,0,0,79,0.1841,79,0,0,-1,1,0,1,0,0,0,0,0,0,0,0,0,0,0,0
134,116,2024,5,0,0,1,1,0,0,0,30,0.2586,30,0,1,0,1,0,1,0,0,0,0,0,0,0,0,0,0,0,0
135,467,2024,5,1,0,1,1,0,0,0,98,0.2099,98,0,1,-1,1,0,1,0,0,0,0,0,0,0,0,0,0,0,0
136,487,2024,4,0,0,1,1,0,0,0,75,0.154,75,0,0,-1,0,0,1,0,0,0,0,0,0,0,0,0,0,0,0
137,160,2024,4,0,0,0,2,0,0,0,42,0.2625,84,1,1,1,1,0,0,0,0,0,1,0,0,0,0,0,0,0,0
138,272,2024,4,0,0,0,1,0,0,0,21,0.0772,21,0,0,-1,0,0,1,0,0,0,0,0,0,0,0,0,0,0,0
139,494,2024,4,0,0,1,1,0,0,0,54,0.1093,54,0,0,1,0,0,1,0,0,0,0,0,0,0,0,0,0,0,0
140,502,2024,4,1,0,1,1,0,0,0,67,0.1335,67,0,0,0,0,0,1,0,0,0,0,0,0,0,0,0,0,0,0
141,147,2024,3,0,0,0,1,0,0,0,21,0.1429,21,0,0,1,1,0,1,0,0,0,0,0,0,0,0,0,0,0,0
142,520,2024,3,0,0,1,2,0,0,0,43,0.0827,86,0,0,-1,0,0,1,0,0,0,0,0,0,0,0,0,0,0,0
143,159,2024,3,0,0,0,1,0,0,0,4,0.0252,4,0,0,0,0,0,1,0,0,0,0,0,0,0,0,0,0,0,0
144,171,2024,3,0,0,1,1,0,0,0,53,0.3099,53,0,1,-1,0,0,1,0,0,0,0,0,0,0,0,0,0,0,0
145,523,2024,3,1,0,0,1,0,0,0,51,0.0975,51,0,-1,0,0,0,1,0,0,0,0,0,0,0,0,0,0,0,0
146,240,2024,3,1,0,1,1,0,0,0,61,0.2542,61,0,1,1,0,0,1,0,0,0,0,0,0,0,0,0,0,0,0
147,456,2024,3,1,0,1,1,0,0,0,47,0.1031,47,0,0,0,0,0,1,0,0,0,0,0,0,0,0,0,0,0,0
148,177,2024,3,0,0,0,1,0,0,0,33,0.1864,33,0,0,-1,0,0,1,0,0,0,0,0,0,0,0,0,0,0,0
149,166,2024,3,0,0,1,1,0,0,0,31,0.1867,31,0,1,0,1,0,1,0,0,0,0,0,0,0,0,0,0,0,0
150,196,2024,3,0,0,1,1,0,0,0,44,0.2245,44,0,1,1,1,0,1,0,0,0,0,0,0,0,0,0,0,0,0
151,168,2024,3,0,0,0,1,0,0,0,5,0.0298,5,0,-1,1,0,0,1,0,0,0,0,0,0,0,0,0,0,0,0
152,220,2024,3,0,0,1,1,0,0,0,47,0.2136,47,0,1,0,1,0,1,0,0,0,0,0,0,0,0,0,0,0,0
153,533,2024,3,0,1,1,2,0,0,0,85,0.1595,170,0,0,1,1,0,1,0,0,0,0,0,0,0,0,0,0,0,0
154,223,2024,2,0,0,1,1,0,0,0,83,0.3722,83,0,1,1,1,0,1,0,0,0,0,0,0,0,0,0,0,0,0
155,251,2024,2,0,0,1,1,0,0,0,68,0.2709,68,0,1,0,1,0,1,0,0,0,0,0,0,0,0,0,0,0,0
156,185,2024,2,0,0,1,1,0,0,0,71,0.3838,71,0,1,1,1,0,1,0,0,0,0,0,0,0,0,0,0,0,0
157,284,2024,2,0,0,1,1,0,0,0,42,0.1479,42,0,0,1,1,0,1,0,0,0,0,0,0,0,0,0,0,0,0
158,175,2024,2,0,0,1,2,0,1,0,31,0.1771,62,0,1,-1,1,0,0,0,1,0,0,0,0,0,0,0,0,0,0
159,175,2024,2,0,0,0,1,0,0,0,43,0.2457,43,1,0,0,0,0,1,0,0,0,0,0,0,0,0,0,0,0,0
160,187,2024,2,1,0,1,1,0,0,0,42,0.2246,42,0,1,1,1,0,1,0,0,0,0,0,0,0,0,0,0,0,0
161,473,2024,2,0,1,0,1,0,0,0,105,0.222,105,1,0,-1,1,0,1,0,0,0,0,0,0,0,0,0,0,0,0
162,190,2024,2,0,1,1,1,0,0,0,30,0.1579,30,0,1,0,1,0,1,0,0,0,0,0,0,0,0,0,0,0,0
163,231,2024,2,0,0,1,1,0,0,0,70,0.303,70,0,1,-1,1,0,1,0,0,0,0,0,0,0,0,0,0,0,0
164,506,2024,2,0,0,1,2,1,0,0,51,0.1008,102,0,-1,0,1,0,1,0,0,0,0,0,0,0,0,0,0,0,0
165,543,2024,2,0,0,0,1,0,0,0,69,0.1271,69,0,0,1,1,0,1,0,0,0,0,0,0,0,0,0,0,0,0
166,193,2024,2,0,0,1,1,0,0,0,28,0.1451,28,0,1,-1,1,0,1,0,0,0,0,0,0,0,0,0,0,0,0
167,183,2024,2,1,0,1,1,0,0,0,36,0.1967,36,0,1,0,0,0,1,0,0,0,0,0,0,0,0,0,0,0,0
168,194,2024,2,1,0,1,1,0,0,0,29,0.1495,29,0,1,0,1,0,1,0,0,0,0,0,0,0,0,0,0,0,0
169,480,2024,2,0,1,1,1,0,0,0,67,0.1396,67,0,-1,1,0,0,1,0,0,0,0,0,0,0,0,0,0,0,0
170,266,2024,2,0,0,1,1,0,0,0,47,0.1767,47,0,0,1,0,0,1,0,0,0,0,0,0,0,0,0,0,0,0
171,193,2024,2,0,1,0,3,0,0,0,31,0.1606,93,1,0,1,1,0,1,0,0,0,0,0,0,0,0,0,0,0,0
172,622,2024,1,0,0,0,2,0,1,0,123,0.1977,246,0,0,0,0,0,1,0,0,0,0,0,0,0,0,0,0,0,0
173,204,2024,1,1,0,0,1,0,0,0,28,0.1373,28,1,1,1,0,0,1,0,0,0,0,0,0,0,0,0,0,0,0
174,260,2024,1,0,0,1,1,0,0,0,63,0.2423,63,0,1,1,0,0,1,0,0,0,0,0,0,0,0,0,0,0,0
175,597,2024,1,1,0,0,1,0,0,0,75,0.1256,75,1,1,1,1,0,1,0,0,0,0,0,0,0,0,0,0,0,0
176,536,2024,1,1,0,0,1,0,0,0,73,0.1362,73,1,1,1,1,0,1,0,0,0,0,0,0,0,0,0,0,0,0
177,505,2024,1,1,0,0,2,0,0,0,58,0.1149,116,1,1,1,0,0,1,0,0,0,0,0,0,0,0,0,0,0,0
178,579,2024,1,1,0,1,2,0,0,0,71,0.1226,142,0,0,1,0,0,1,0,0,0,0,0,0,0,0,0,0,0,0
179,218,2024,1,1,0,0,1,0,0,0,17,0.078,17,0,0,1,0,0,1,0,0,0,0,0,0,0,0,0,0,0,0
180,230,2024,1,1,0,0,1,0,0,0,34,0.1478,34,0,0,1,0,0,1,0,0,0,0,0,0,0,0,0,0,0,0
181,251,2024,1,0,0,0,3,0,0,1,45,0.1793,135,1,0,0,0,0,0,0,0,0,0,0,0,1,0,0,0,0,0
182,300,2024,1,0,0,0,1,0,0,0,42,0.14,42,1,0,1,0,0,1,0,0,0,0,0,0,0,0,0,0,0,0
183,233,2024,1,0,0,1,1,0,0,0,47,0.2017,47,0,1,0,0,0,1,0,0,0,0,0,0,0,0,0,0,0,0
184,332,2024,1,0,0,1,1,0,0,0,66,0.1988,66,0,-1,1,0,0,1,0,0,0,0,0,0,0,0,0,0,0,0
185,223,2024,1,0,0,1,1,0,0,0,63,0.2825,63,0,1,1,0,0,1,0,0,0,0,0,0,0,0,0,0,0,0
186,500,2023,12,0,1,1,3,0,0,0,178,0.356,534,0,0,0,0,0,0,0,0,1,0,0,0,0,0,0,0,0,0
187,606,2023,12,0,0,0,1,0,0,0,97,0.1601,97,1,0,0,1,0,1,0,0,0,0,0,0,0,0,0,0,0,0
188,610,2023,12,0,1,1,1,0,0,0,61,0.1,61,0,0,1,0,0,1,0,0,0,0,0,0,0,0,0,0,0,0
189,261,2023,12,0,0,0,1,0,0,0,56,0.2146,56,1,0,1,1,0,1,0,0,0,0,0,0,0,0,0,0,0,0
190,251,2023,12,0,0,0,1,0,0,0,40,0.1594,40,1,-1,1,0,0,1,0,0,0,0,0,0,0,0,0,0,0,0
191,264,2023,12,1,0,1,1,0,0,0,28,0.1061,28,0,1,0,1,0,1,0,0,0,0,0,0,0,0,0,0,0,0
192,255,2023,12,0,0,0,1,0,0,0,24,0.0941,24,0,0,0,1,0,1,0,0,0,0,0,0,0,0,0,0,0,0
193,618,2023,12,0,0,1,2,1,0,0,46,0.0744,92,0,-1,1,1,0,1,0,0,0,0,0,0,0,0,0,0,0,0
194,618,2023,12,0,0,1,1,0,0,0,51,0.0825,51,0,0,1,1,0,1,0,0,0,0,0,0,0,0,0,0,0,0
195,619,2023,12,0,0,0,1,0,0,0,41,0.0662,41,0,0,0,1,0,1,0,0,0,0,0,0,0,0,0,0,0,0
196,261,2023,12,0,0,0,1,0,0,0,23,0.0881,23,1,0,1,0,0,1,0,0,0,0,0,0,0,0,0,0,0,0
197,646,2023,12,1,0,0,1,0,0,0,69,0.1068,69,1,0,1,1,0,1,0,0,0,0,0,0,0,0,0,0,0,0
198,310,2023,12,1,0,0,2,0,0,0,47,0.1516,94,0,0,0,1,0,0,0,0,0,0,0,0,0,1,0,0,0,0
199,262,2023,12,0,0,1,1,0,0,0,40,0.1527,40,0,1,0,1,0,1,0,0,0,0,0,0,0,0,0,0,0,0
200,262,2023,12,0,0,1,1,0,0,0,40,0.1527,40,0,1,1,1,0,1,0,0,0,0,0,0,0,0,0,0,0,0
201,273,2023,12,0,0,1,1,0,0,0,31,0.1136,31,0,1,0,1,0,1,0,0,0,0,0,0,0,0,0,0,0,0
202,273,2023,12,0,0,1,1,0,0,0,29,0.1062,29,0,1,0,1,0,1,0,0,0,0,0,0,0,0,0,0,0,0
203,292,2023,12,0,1,0,1,0,0,0,70,0.2397,70,1,0,1,1,0,1,0,0,0,0,0,0,0,0,0,0,0,0
204,588,2023,12,0,1,0,4,0,1,1,93,0.1582,372,1,0,1,0,0,0,1,0,0,0,0,0,0,0,0,0,0,0
205,314,2023,11,0,0,0,1,0,0,0,74,0.2357,74,1,-1,1,1,0,1,0,0,0,0,0,0,0,0,0,0,0,0
206,277,2023,11,0,0,1,1,0,0,0,47,0.1697,47,0,1,0,1,0,1,0,0,0,0,0,0,0,0,0,0,0,0
207,632,2023,11,0,0,1,1,0,0,0,58,0.0918,58,0,1,-1,0,0,1,0,0,0,0,0,0,0,0,0,0,0,0
208,301,2023,11,0,0,0,1,0,0,0,25,0.0831,25,0,1,1,1,0,1,0,0,0,0,0,0,0,0,0,0,0,0
209,283,2023,11,0,0,1,1,0,0,0,31,0.1095,31,0,1,1,1,0,1,0,0,0,0,0,0,0,0,0,0,0,0
210,284,2023,11,0,0,1,1,0,0,0,29,0.1021,29,0,1,0,1,0,1,0,0,0,0,0,0,0,0,0,0,0,0
211,537,2023,11,1,0,0,2,0,0,0,80,0.149,160,0,0,1,1,0,1,0,0,0,0,0,0,0,0,0,0,0,0
212,600,2023,11,0,0,1,1,0,0,0,69,0.115,69,0,1,0,1,0,1,0,0,0,0,0,0,0,0,0,0,0,0
213,638,2023,11,0,1,1,1,0,0,0,76,0.1191,76,0,0,0,1,0,1,0,0,0,0,0,0,0,0,0,0,0,0
214,281,2023,11,1,0,1,1,0,0,0,24,0.0854,24,0,-1,1,0,0,1,0,0,0,0,0,0,0,0,0,0,0,0
215,646,2023,11,0,0,1,2,0,0,0,46,0.0712,92,0,1,1,0,0,1,0,0,0,0,0,0,0,0,0,0,0,0
216,648,2023,11,0,0,0,2,0,0,0,79,0.1219,158,0,0,1,0,0,1,0,0,0,0,0,0,0,0,0,0,0,0
217,652,2023,11,0,1,1,1,0,0,0,63,0.0966,63,0,1,1,0,0,1,0,0,0,0,0,0,0,0,0,0,0,0
218,619,2023,10,0,0,0,1,0,0,0,49,0.0792,49,1,1,1,1,0,1,0,0,0,0,0,0,0,0,0,0,0,0
219,346,2023,10,0,0,1,1,0,0,0,36,0.104,36,0,0,1,0,0,1,0,0,0,0,0,0,0,0,0,0,0,0
220,305,2023,10,1,0,0,2,0,1,0,32,0.1049,64,1,0,1,1,0,0,0,1,0,0,0,0,0,0,0,0,0,0
221,358,2023,10,0,0,1,1,0,0,0,37,0.1034,37,0,-1,0,0,0,1,0,0,0,0,0,0,0,0,0,0,0,0
222,314,2023,10,0,0,0,1,0,0,0,9,0.0287,9,0,0,-1,0,0,1,0,0,0,0,0,0,0,0,0,0,0,0
223,348,2023,10,0,1,1,1,0,0,0,54,0.1552,54,0,0,1,0,0,1,0,0,0,0,0,0,0,0,0,0,0,0
224,681,2023,10,0,0,0,1,0,0,0,81,0.1189,81,1,0,1,1,0,1,0,0,0,0,0,0,0,0,0,0,0,0
225,682,2023,10,0,0,1,1,0,0,0,48,0.0704,48,0,0,1,0,0,1,0,0,0,0,0,0,0,0,0,0,0,0
226,322,2023,10,0,0,1,2,1,0,0,43,0.1335,86,0,0,1,0,0,1,0,0,0,0,0,0,0,0,0,0,0,0
227,714,2023,9,0,0,0,2,0,0,1,15,0.021,30,1,1,-1,0,1,0,0,0,0,0,0,0,0,0,0,0,0,0
228,653,2023,9,0,0,0,2,0,0,1,14,0.0214,28,1,1,-1,0,0,1,0,0,0,0,0,0,0,0,0,0,0,0
229,598,2023,9,0,1,0,2,0,1,0,104,0.1739,208,1,1,0,1,0,1,0,0,0,0,0,0,0,0,0,0,0,0
230,695,2023,9,0,0,1,1,0,0,0,109,0.1568,109,0,1,1,0,0,1,0,0,0,0,0,0,0,0,0,0,0,0
231,337,2023,9,1,0,1,2,0,0,0,34,0.1009,68,0,1,0,0,0,1,0,0,0,0,0,0,0,0,0,0,0,0
232,355,2023,9,0,0,1,1,0,0,0,55,0.1549,55,0,0,1,0,0,1,0,0,0,0,0,0,0,0,0,0,0,0
233,342,2023,9,0,0,1,3,0,0,0,36,0.1053,108,0,0,-1,0,0,1,0,0,0,0,0,0,0,0,0,0,0,0
234,343,2023,9,0,0,1,1,0,0,0,45,0.1312,45,0,1,0,0,0,1,0,0,0,0,0,0,0,0,0,0,0,0
235,348,2023,9,0,0,0,1,0,0,0,42,0.1207,42,0,0,1,1,0,1,0,0,0,0,0,0,0,0,0,0,0,0
236,360,2023,9,0,0,1,1,0,0,0,41,0.1139,41,0,1,0,1,0,1,0,0,0,0,0,0,0,0,0,0,0,0
237,711,2023,9,0,0,0,1,0,0,0,59,0.083,59,0,0,1,0,0,1,0,0,0,0,0,0,0,0,0,0,0,0
238,354,2023,9,0,1,1,1,0,0,0,43,0.1215,43,0,0,1,0,0,1,0,0,0,0,0,0,0,0,0,0,0,0
239,716,2023,8,0,0,0,1,0,0,0,76,0.1061,76,1,-1,1,0,0,1,0,0,0,0,0,0,0,0,0,0,0,0
240,433,2023,8,0,0,0,2,0,0,0,52,0.1201,104,1,0,1,0,0,1,0,0,0,0,0,0,0,0,0,0,0,0
241,366,2023,8,0,0,1,1,0,0,0,28,0.0765,28,0,1,0,1,0,1,0,0,0,0,0,0,0,0,0,0,0,0
242,717,2023,8,0,0,1,1,0,0,0,80,0.1116,80,0,1,-1,1,0,1,0,0,0,0,0,0,0,0,0,0,0,0
243,356,2023,8,0,0,1,1,0,0,0,50,0.1404,50,0,0,-1,1,0,1,0,0,0,0,0,0,0,0,0,0,0,0
244,356,2023,8,0,0,1,1,0,0,0,52,0.1461,52,0,1,-1,1,0,1,0,0,0,0,0,0,0,0,0,0,0,0
245,368,2023,8,0,0,1,1,0,0,0,29,0.0788,29,0,1,0,1,0,1,0,0,0,0,0,0,0,0,0,0,0,0
246,721,2023,8,0,0,1,1,0,0,0,71,0.0985,71,0,0,0,1,0,1,0,0,0,0,0,0,0,0,0,0,0,0
247,374,2023,8,0,0,1,1,0,0,0,29,0.0775,29,0,1,-1,1,0,1,0,0,0,0,0,0,0,0,0,0,0,0
248,725,2023,8,0,0,1,1,0,0,0,83,0.1145,83,0,1,-1,1,0,1,0,0,0,0,0,0,0,0,0,0,0,0
249,375,2023,8,0,0,1,1,0,0,0,29,0.0773,29,0,1,0,1,0,1,0,0,0,0,0,0,0,0,0,0,0,0
250,375,2023,8,0,0,1,1,0,0,0,31,0.0827,31,0,1,1,1,0,1,0,0,0,0,0,0,0,0,0,0,0,0
251,375,2023,8,0,0,1,1,0,0,0,35,0.0933,35,0,1,1,1,0,1,0,0,0,0,0,0,0,0,0,0,0,0
252,394,2023,8,1,0,1,2,0,0,0,49,0.1244,98,0,1,1,0,0,0,0,0,0,1,0,0,0,0,0,0,0,0
253,376,2023,8,1,0,1,1,0,0,0,30,0.0798,30,0,1,1,1,0,1,0,0,0,0,0,0,0,0,0,0,0,0
254,376,2023,8,1,0,1,1,0,0,0,29,0.0771,29,0,1,0,1,0,1,0,0,0,0,0,0,0,0,0,0,0,0
255,367,2023,8,0,0,1,1,0,0,0,38,0.1035,38,0,1,1,0,0,1,0,0,0,0,0,0,0,0,0,0,0,0
256,418,2023,8,0,1,0,3,0,1,0,67,0.1603,201,0,-1,-1,1,0,0,1,0,0,0,0,0,0,0,0,0,0,0
257,380,2023,8,0,0,1,1,0,0,0,31,0.0816,31,0,1,1,1,0,1,0,0,0,0,0,0,0,0,0,0,0,0
258,370,2023,8,0,0,1,1,0,0,0,31,0.0838,31,0,1,1,1,0,1,0,0,0,0,0,0,0,0,0,0,0,0
259,375,2023,8,0,1,0,1,0,0,0,52,0.1387,52,0,0,1,0,0,1,0,0,0,0,0,0,0,0,0,0,0,0
260,639,2023,8,0,0,0,1,0,0,0,49,0.0767,49,1,0,1,1,0,1,0,0,0,0,0,0,0,0,0,0,0,0
261,376,2023,8,0,0,0,1,0,0,0,44,0.117,44,0,1,1,0,0,1,0,0,0,0,0,0,0,0,0,0,0,0
262,738,2023,8,0,0,1,1,0,0,0,91,0.1233,91,0,0,1,0,0,1,0,0,0,0,0,0,0,0,0,0,0,0
263,671,2023,8,0,0,1,1,0,0,0,90,0.1341,90,0,0,1,0,0,1,0,0,0,0,0,0,0,0,0,0,0,0
264,798,2023,8,1,0,0,1,0,0,0,107,0.1341,107,1,1,1,0,0,1,0,0,0,0,0,0,0,0,0,0,0,0
265,383,2023,8,0,0,1,1,0,0,0,56,0.1462,56,0,1,1,0,0,1,0,0,0,0,0,0,0,0,0,0,0,0
266,770,2023,8,0,0,1,3,0,0,1,67,0.087,201,0,1,1,0,1,0,0,0,0,0,0,0,0,0,0,0,0,0
267,401,2023,7,0,0,1,1,0,0,0,46,0.1147,46,0,1,0,0,0,1,0,0,0,0,0,0,0,0,0,0,0,0
268,686,2023,7,0,0,0,1,0,0,0,47,0.0685,47,0,-1,1,0,0,1,0,0,0,0,0,0,0,0,0,0,0,0
269,392,2023,7,0,0,1,1,0,0,0,51,0.1301,51,0,1,1,0,0,1,0,0,0,0,0,0,0,0,0,0,0,0
270,472,2023,7,0,0,1,2,0,1,0,55,0.1165,110,0,0,0,0,0,0,0,1,0,0,0,0,0,0,0,0,0,0
271,410,2023,7,0,0,0,1,0,0,0,92,0.2244,92,1,0,1,0,0,1,0,0,0,0,0,0,0,0,0,0,0,0
272,760,2023,7,0,0,0,1,0,0,0,125,0.1645,125,1,0,1,1,0,1,0,0,0,0,0,0,0,0,0,0,0,0
273,399,2023,7,0,0,0,2,0,0,0,18,0.0451,36,1,1,0,1,0,1,0,0,0,0,0,0,0,0,0,0,0,0
274,405,2023,7,0,0,0,1,0,0,0,22,0.0543,22,1,1,1,0,0,1,0,0,0,0,0,0,0,0,0,0,0,0
275,407,2023,7,1,0,1,1,0,0,0,28,0.0688,28,0,1,1,0,0,1,0,0,0,0,0,0,0,0,0,0,0,0
276,772,2023,7,0,0,1,1,0,0,0,105,0.136,105,0,0,1,0,0,1,0,0,0,0,0,0,0,0,0,0,0,0
277,412,2023,7,0,0,0,1,0,0,0,39,0.0947,39,0,-1,1,0,0,1,0,0,0,0,0,0,0,0,0,0,0,0
278,419,2023,6,0,0,1,1,0,0,0,48,0.1146,48,0,1,-1,0,0,1,0,0,0,0,0,0,0,0,0,0,0,0
279,430,2023,6,0,0,1,1,0,0,0,26,0.0605,26,0,1,0,1,0,1,0,0,0,0,0,0,0,0,0,0,0,0
280,420,2023,6,0,0,0,2,0,0,0,10,0.0238,20,0,0,1,0,0,1,0,0,0,0,0,0,0,0,0,0,0,0
281,420,2023,6,0,0,1,2,0,0,0,55,0.131,110,0,0,1,1,0,1,0,0,0,0,0,0,0,0,0,0,0,0
282,807,2023,6,1,0,0,1,0,0,0,39,0.0483,39,0,-1,1,1,0,1,0,0,0,0,0,0,0,0,0,0,0,0
283,782,2023,6,1,0,1,1,0,0,0,58,0.0742,58,0,0,0,0,0,1,0,0,0,0,0,0,0,0,0,0,0,0
284,421,2023,6,1,0,1,1,0,0,0,42,0.0998,42,0,0,0,0,0,1,0,0,0,0,0,0,0,0,0,0,0,0
285,783,2023,6,0,0,1,1,0,0,0,60,0.0766,60,0,0,1,1,0,1,0,0,0,0,0,0,0,0,0,0,0,0
286,422,2023,6,0,0,1,1,0,0,0,41,0.0972,41,0,1,0,1,0,1,0,0,0,0,0,0,0,0,0,0,0,0
287,424,2023,6,0,1,1,2,0,0,0,28,0.066,56,0,1,1,1,0,0,0,0,0,0,0,0,0,0,1,0,0,0
288,424,2023,6,0,1,1,1,0,0,0,72,0.1698,72,0,1,1,1,0,1,0,0,0,0,0,0,0,0,0,0,0,0
289,425,2023,6,0,0,0,1,0,0,0,24,0.0565,24,0,-1,1,1,0,1,0,0,0,0,0,0,0,0,0,0,0,0
290,720,2023,6,0,0,1,1,0,0,0,49,0.0681,49,0,1,1,1,0,1,0,0,0,0,0,0,0,0,0,0,0,0
291,752,2023,6,0,0,0,1,0,0,0,77,0.1024,77,0,0,0,1,0,1,0,0,0,0,0,0,0,0,0,0,0,0
292,655,2023,6,1,0,0,1,0,0,0,73,0.1115,73,1,-1,1,0,0,1,0,0,0,0,0,0,0,0,0,0,0,0
293,439,2023,6,1,0,1,1,0,0,0,30,0.0683,30,0,1,0,1,0,1,0,0,0,0,0,0,0,0,0,0,0,0
294,482,2023,6,0,0,1,1,0,0,0,83,0.1722,83,0,1,-1,0,0,1,0,0,0,0,0,0,0,0,0,0,0,0
295,432,2023,6,0,0,0,2,1,0,0,59,0.1366,118,0,1,1,0,0,1,0,0,0,0,0,0,0,0,0,0,0,0
296,434,2023,6,0,0,1,1,0,0,0,61,0.1406,61,0,0,0,0,0,1,0,0,0,0,0,0,0,0,0,0,0,0
297,821,2023,6,1,0,1,3,0,0,1,77,0.0938,231,0,0,1,0,1,0,0,0,0,0,0,0,0,0,0,0,0,0
298,827,2023,6,0,0,0,1,0,0,0,44,0.0532,44,1,0,1,1,0,1,0,0,0,0,0,0,0,0,0,0,0,0
299,766,2023,6,0,0,0,1,0,0,0,43,0.0561,43,1,0,1,1,0,1,0,0,0,0,0,0,0,0,0,0,0,0
300,816,2023,5,0,0,0,1,0,0,0,54,0.0662,54,0,0,0,0,0,1,0,0,0,0,0,0,0,0,0,0,0,0
301,511,2023,5,0,0,1,1,0,0,0,82,0.1605,82,0,0,0,0,0,1,0,0,0,0,0,0,0,0,0,0,0,0
302,827,2023,5,0,1,0,1,0,0,0,36,0.0435,36,1,-1,1,1,0,1,0,0,0,0,0,0,0,0,0,0,0,0
303,469,2023,5,0,1,0,1,0,0,0,36,0.0768,36,1,-1,1,1,0,1,0,0,0,0,0,0,0,0,0,0,0,0
304,488,2023,4,0,0,0,1,0,0,0,65,0.1332,65,1,1,1,1,0,1,0,0,0,0,0,0,0,0,0,0,0,0
305,488,2023,4,0,0,1,1,0,0,0,46,0.0943,46,0,1,1,0,0,1,0,0,0,0,0,0,0,0,0,0,0,0
306,488,2023,4,0,0,0,3,0,1,0,30,0.0615,90,1,0,1,0,0,0,0,1,0,0,0,0,0,0,0,0,0,0
307,502,2023,4,1,0,0,1,0,0,0,54,0.1076,54,0,-1,1,1,0,1,0,0,0,0,0,0,0,0,0,0,0,0
308,573,2023,4,0,0,1,1,0,0,0,60,0.1047,60,0,0,1,1,0,1,0,0,0,0,0,0,0,0,0,0,0,0
309,857,2023,4,0,0,1,1,0,0,0,70,0.0817,70,0,0,1,1,0,1,0,0,0,0,0,0,0,0,0,0,0,0
310,790,2023,4,0,0,0,1,0,0,0,46,0.0582,46,0,-1,1,0,0,1,0,0,0,0,0,0,0,0,0,0,0,0
311,496,2023,4,0,0,1,2,0,0,0,67,0.1351,134,0,0,1,1,0,1,0,0,0,0,0,0,0,0,0,0,0,0
312,859,2023,4,1,0,1,1,0,0,0,68,0.0792,68,0,0,0,0,0,1,0,0,0,0,0,0,0,0,0,0,0,0
313,531,2023,4,0,0,1,1,0,0,0,95,0.1789,95,0,1,1,1,0,1,0,0,0,0,0,0,0,0,0,0,0,0
314,581,2023,4,0,0,1,2,0,0,0,51,0.0878,102,0,-1,1,1,0,0,1,0,0,0,0,0,0,0,0,0,0,0
315,514,2023,4,0,0,1,1,0,0,0,78,0.1518,78,0,1,0,1,0,1,0,0,0,0,0,0,0,0,0,0,0,0
316,866,2023,4,1,0,0,1,0,0,0,35,0.0404,35,0,-1,0,0,0,1,0,0,0,0,0,0,0,0,0,0,0,0
317,518,2023,4,1,0,1,1,0,0,0,44,0.0849,44,0,0,1,1,0,1,0,0,0,0,0,0,0,0,0,0,0,0
318,508,2023,3,0,1,1,1,0,0,0,65,0.128,65,0,1,0,0,0,1,0,0,0,0,0,0,0,0,0,0,0,0
319,508,2023,3,0,1,1,1,0,0,0,63,0.124,63,0,1,-1,0,0,1,0,0,0,0,0,0,0,0,0,0,0,0
320,538,2023,3,0,0,1,2,1,0,0,65,0.1208,130,0,1,1,0,0,1,0,0,0,0,0,0,0,0,0,0,0,0
321,509,2023,3,0,0,1,1,0,0,0,61,0.1198,61,0,0,1,1,0,1,0,0,0,0,0,0,0,0,0,0,0,0
322,520,2023,3,0,0,1,1,0,0,0,39,0.075,39,0,1,0,1,0,1,0,0,0,0,0,0,0,0,0,0,0,0
323,873,2023,3,1,0,1,3,0,0,1,57,0.0653,171,0,0,0,0,0,1,0,0,0,0,0,0,0,0,0,0,0,0
324,806,2023,3,1,0,1,4,0,1,1,109,0.1352,436,0,0,1,1,0,0,1,0,0,0,0,0,0,0,0,0,0,0
325,624,2023,3,0,1,0,1,0,0,0,65,0.1042,65,1,1,0,0,0,1,0,0,0,0,0,0,0,0,0,0,0,0
326,516,2023,3,0,0,0,1,0,0,0,53,0.1027,53,0,0,0,1,0,1,0,0,0,0,0,0,0,0,0,0,0,0
327,516,2023,3,0,0,0,2,1,0,0,33,0.064,66,1,0,0,0,0,1,0,0,0,0,0,0,0,0,0,0,0,0
328,596,2023,3,0,0,1,1,0,0,0,101,0.1695,101,0,-1,0,0,0,1,0,0,0,0,0,0,0,0,0,0,0,0
329,783,2023,3,0,0,1,1,0,0,0,58,0.0741,58,0,1,1,0,0,1,0,0,0,0,0,0,0,0,0,0,0,0
330,518,2023,3,0,0,1,1,0,0,0,38,0.0734,38,0,1,0,0,0,1,0,0,0,0,0,0,0,0,0,0,0,0
331,880,2023,3,1,0,1,1,0,0,0,63,0.0716,63,0,1,1,0,0,1,0,0,0,0,0,0,0,0,0,0,0,0
332,522,2023,3,0,1,1,1,0,0,0,43,0.0824,43,0,1,-1,0,0,1,0,0,0,0,0,0,0,0,0,0,0,0
333,523,2023,3,0,0,0,2,0,0,0,13,0.0249,26,1,0,1,1,0,1,0,0,0,0,0,0,0,0,0,0,0,0
334,561,2023,3,0,0,0,1,0,0,0,58,0.1034,58,0,0,-1,0,0,1,0,0,0,0,0,0,0,0,0,0,0,0
335,533,2023,3,1,0,1,1,0,0,0,72,0.1351,72,0,0,0,0,0,1,0,0,0,0,0,0,0,0,0,0,0,0
336,548,2023,2,0,0,0,1,0,0,0,18,0.0328,18,1,0,0,1,0,1,0,0,0,0,0,0,0,0,0,0,0,0
337,552,2023,2,0,0,1,2,0,0,0,51,0.0924,102,0,0,1,0,0,1,0,0,0,0,0,0,0,0,0,0,0,0
338,557,2023,2,0,1,1,3,1,0,1,44,0.079,132,0,1,1,0,0,1,0,0,0,0,0,0,0,0,0,0,0,0
339,560,2023,2,0,0,0,1,0,0,0,70,0.125,70,0,0,1,0,0,1,0,0,0,0,0,0,0,0,0,0,0,0
340,571,2023,1,0,1,1,1,0,0,0,62,0.1086,62,0,0,0,0,0,1,0,0,0,0,0,0,0,0,0,0,0,0
341,572,2023,1,0,0,0,1,0,0,0,4,0.007,4,0,0,1,0,0,1,0,0,0,0,0,0,0,0,0,0,0,0
342,651,2023,1,0,0,1,1,0,0,0,117,0.1797,117,0,1,1,1,0,1,0,0,0,0,0,0,0,0,0,0,0,0
343,584,2023,1,0,0,1,1,0,0,0,50,0.0856,50,0,1,0,0,0,1,0,0,0,0,0,0,0,0,0,0,0,0
344,574,2023,1,0,0,0,1,0,0,0,29,0.0505,29,0,0,1,1,0,1,0,0,0,0,0,0,0,0,0,0,0,0
345,575,2023,1,1,0,1,1,0,0,0,47,0.0817,47,0,0,1,1,0,1,0,0,0,0,0,0,0,0,0,0,0,0
346,940,2023,1,0,0,0,1,0,0,0,56,0.0596,56,0,1,0,1,0,1,0,0,0,0,0,0,0,0,0,0,0,0
347,629,2023,1,0,0,1,2,0,0,0,64,0.1017,128,0,0,1,1,0,1,0,0,0,0,0,0,0,0,0,0,0,0
348,580,2023,1,0,0,0,1,0,0,0,52,0.0897,52,0,0,0,1,0,1,0,0,0,0,0,0,0,0,0,0,0,0
349,581,2023,1,0,0,0,1,0,0,0,64,0.1102,64,0,0,1,1,0,1,0,0,0,0,0,0,0,0,0,0,0,0
350,592,2023,1,0,0,1,1,0,0,0,28,0.0473,28,0,1,1,1,0,1,0,0,0,0,0,0,0,0,0,0,0,0
351,782,2023,1,1,0,0,1,0,0,0,68,0.087,68,0,1,1,1,0,1,0,0,0,0,0,0,0,0,0,0,0,0
352,582,2023,1,1,0,1,1,0,0,0,40,0.0687,40,0,1,1,0,0,1,0,0,0,0,0,0,0,0,0,0,0,0
353,596,2023,1,0,1,0,2,1,0,0,49,0.0822,98,0,-1,1,1,0,1,0,0,0,0,0,0,0,0,0,0,0,0
354,972,2023,1,0,0,0,1,0,0,0,63,0.0648,63,0,-1,1,1,0,1,0,0,0,0,0,0,0,0,0,0,0,0
355,880,2023,1,0,0,1,1,0,0,0,164,0.1864,164,0,1,1,1,0,1,0,0,0,0,0,0,0,0,0,0,0,0
356,586,2023,1,0,0,0,1,0,0,0,40,0.0683,40,0,0,1,1,0,1,0,0,0,0,0,0,0,0,0,0,0,0
357,586,2023,1,0,0,0,1,0,0,0,51,0.087,51,0,0,0,1,0,1,0,0,0,0,0,0,0,0,0,0,0,0
358,586,2023,1,0,0,0,1,0,0,0,36,0.0614,36,0,0,1,1,0,1,0,0,0,0,0,0,0,0,0,0,0,0
359,763,2023,1,0,0,0,1,0,0,0,58,0.076,58,0,-1,1,1,0,1,0,0,0,0,0,0,0,0,0,0,0,0
360,613,2022,12,0,1,0,1,0,0,0,174,0.2838,174,0,1,1,0,0,1,0,0,0,0,0,0,0,0,0,0,0,0
361,978,2022,12,1,0,0,1,0,0,0,153,0.1564,153,1,0,0,1,0,1,0,0,0,0,0,0,0,0,0,0,0,0
362,1007,2022,12,0,0,0,1,0,0,0,76,0.0755,76,0,0,-1,0,0,1,0,0,0,0,0,0,0,0,0,0,0,0
363,624,2022,12,0,0,0,1,0,0,0,31,0.0497,31,1,1,-1,1,0,1,0,0,0,0,0,0,0,0,0,0,0,0
364,983,2022,12,0,0,0,1,0,0,0,52,0.0529,52,0,0,-1,0,0,1,0,0,0,0,0,0,0,0,0,0,0,0
365,625,2022,12,0,0,0,4,0,0,0,33,0.0528,132,1,-1,1,1,0,0,0,0,1,0,0,0,0,0,0,0,0,0
366,645,2022,11,0,1,0,1,0,0,0,77,0.1194,77,1,1,1,1,0,1,0,0,0,0,0,0,0,0,0,0,0,0
367,902,2022,11,0,0,0,2,1,0,0,38,0.0421,76,0,0,1,0,0,1,0,0,0,0,0,0,0,0,0,0,0,0
368,650,2022,11,0,0,1,1,0,0,0,31,0.0477,31,0,1,1,0,0,1,0,0,0,0,0,0,0,0,0,0,0,0
369,1003,2022,11,0,0,0,2,0,0,0,85,0.0847,170,0,-1,1,0,0,1,0,0,0,0,0,0,0,0,0,0,0,0
370,721,2022,11,0,0,0,1,0,0,0,51,0.0707,51,0,0,1,0,0,1,0,0,0,0,0,0,0,0,0,0,0,0
371,643,2022,11,0,0,0,2,1,0,0,31,0.0482,62,0,-1,0,0,0,1,0,0,0,0,0,0,0,0,0,0,0,0
372,648,2022,11,0,1,1,1,0,0,0,50,0.0772,50,0,1,1,0,0,1,0,0,0,0,0,0,0,0,0,0,0,0
373,1010,2022,11,0,0,1,1,0,0,0,67,0.0663,67,0,0,1,0,0,1,0,0,0,0,0,0,0,0,0,0,0,0
374,790,2022,11,0,0,0,1,0,0,0,55,0.0696,55,0,0,1,1,0,1,0,0,0,0,0,0,0,0,0,0,0,0
375,649,2022,11,0,0,1,2,0,1,0,49,0.0755,98,0,1,0,1,0,1,0,0,0,0,0,0,0,0,0,0,0,0
376,649,2022,11,0,0,0,1,0,0,0,53,0.0817,53,0,0,1,0,0,1,0,0,0,0,0,0,0,0,0,0,0,0
377,1070,2022,11,0,0,0,1,0,0,0,65,0.0607,65,0,-1,1,0,0,1,0,0,0,0,0,0,0,0,0,0,0,0
378,1037,2022,11,0,0,1,1,0,0,0,86,0.0829,86,0,-1,1,1,0,1,0,0,0,0,0,0,0,0,0,0,0,0
379,916,2022,11,0,0,0,3,0,1,0,65,0.071,195,0,0,0,0,0,0,0,0,0,0,1,0,0,0,0,0,0,0
380,651,2022,11,0,0,0,2,0,1,0,59,0.0906,118,0,1,1,1,0,1,0,0,0,0,0,0,0,0,0,0,0,0
381,651,2022,11,0,0,0,2,0,1,0,37,0.0568,74,0,0,1,1,0,1,0,0,0,0,0,0,0,0,0,0,0,0
382,1071,2022,11,1,0,0,1,0,0,0,82,0.0766,82,0,1,0,1,0,1,0,0,0,0,0,0,0,0,0,0,0,0
383,1013,2022,11,1,0,0,1,0,0,0,45,0.0444,45,0,1,1,1,0,1,0,0,0,0,0,0,0,0,0,0,0,0
384,1013,2022,11,1,0,0,1,0,0,0,37,0.0365,37,0,0,1,1,0,1,0,0,0,0,0,0,0,0,0,0,0,0
385,652,2022,11,1,0,0,1,0,0,0,39,0.0598,39,0,1,1,1,0,1,0,0,0,0,0,0,0,0,0,0,0,0
386,1015,2022,11,0,0,0,1,0,0,0,82,0.0808,82,0,1,0,1,0,1,0,0,0,0,0,0,0,0,0,0,0,0
387,764,2022,11,0,1,0,1,0,0,0,38,0.0497,38,0,-1,0,1,0,1,0,0,0,0,0,0,0,0,0,0,0,0
388,655,2022,11,0,1,0,1,0,0,0,49,0.0748,49,0,0,1,0,0,1,0,0,0,0,0,0,0,0,0,0,0,0
389,656,2022,11,0,0,0,1,0,0,0,45,0.0686,45,0,1,1,1,0,1,0,0,0,0,0,0,0,0,0,0,0,0
390,1019,2022,11,0,0,1,1,0,0,0,77,0.0756,77,0,0,1,1,0,1,0,0,0,0,0,0,0,0,0,0,0,0
391,658,2022,11,0,0,0,1,0,0,0,51,0.0775,51,0,0,1,0,0,1,0,0,0,0,0,0,0,0,0,0,0,0
392,658,2022,11,0,0,0,1,0,0,0,38,0.0578,38,0,-1,-1,1,0,1,0,0,0,0,0,0,0,0,0,0,0,0
393,1080,2022,10,0,0,0,1,0,0,0,69,0.0639,69,0,1,1,1,0,1,0,0,0,0,0,0,0,0,0,0,0,0
394,691,2022,10,0,1,0,2,0,1,0,69,0.0999,138,0,0,0,1,0,0,0,1,0,0,0,0,0,0,0,0,0,0
395,1049,2022,10,0,0,0,2,0,0,0,65,0.062,130,0,0,1,1,0,0,1,0,0,0,0,0,0,0,0,0,0,0
396,664,2022,10,0,0,0,1,0,0,0,57,0.0858,57,0,0,1,0,0,1,0,0,0,0,0,0,0,0,0,0,0,0
397,775,2022,10,1,0,0,2,0,1,0,144,0.1858,288,1,1,0,1,0,1,0,0,0,0,0,0,0,0,0,0,0,0
398,698,2022,10,0,1,0,1,0,0,0,62,0.0888,62,0,0,0,0,0,1,0,0,0,0,0,0,0,0,0,0,0,0
399,1033,2022,10,0,0,1,1,0,0,0,112,0.1084,112,0,0,1,0,0,1,0,0,0,0,0,0,0,0,0,0,0,0
400,673,2022,10,1,0,0,3,0,1,0,55,0.0817,165,1,1,0,1,0,1,0,0,0,0,0,0,0,0,0,0,0,0
401,677,2022,10,0,0,0,2,0,1,0,41,0.0606,82,0,1,0,1,0,1,0,0,0,0,0,0,0,0,0,0,0,0
402,1047,2022,10,0,0,0,1,0,0,0,36,0.0344,36,0,0,1,0,0,1,0,0,0,0,0,0,0,0,0,0,0,0
403,691,2022,9,0,0,0,1,0,0,0,42,0.0608,42,0,0,0,0,0,1,0,0,0,0,0,0,0,0,0,0,0,0
404,691,2022,9,0,0,1,2,0,0,0,58,0.0839,116,0,0,1,1,0,0,0,0,0,0,1,0,0,0,0,0,0,0
405,702,2022,9,0,0,0,1,0,0,0,52,0.0741,52,0,0,1,1,0,1,0,0,0,0,0,0,0,0,0,0,0,0
406,1111,2022,9,0,0,0,1,0,0,0,79,0.0711,79,0,0,1,1,0,1,0,0,0,0,0,0,0,0,0,0,0,0
407,1053,2022,9,0,0,0,1,0,0,0,45,0.0427,45,0,0,1,1,0,1,0,0,0,0,0,0,0,0,0,0,0,0
408,986,2022,9,0,0,0,1,0,0,0,58,0.0588,58,0,0,-1,1,0,1,0,0,0,0,0,0,0,0,0,0,0,0
409,692,2022,9,0,0,0,1,0,0,0,43,0.0621,43,0,0,1,1,0,1,0,0,0,0,0,0,0,0,0,0,0,0
410,920,2022,9,0,0,0,1,0,0,0,70,0.0761,70,0,1,0,1,0,1,0,0,0,0,0,0,0,0,0,0,0,0
411,706,2022,9,0,0,1,1,0,0,0,54,0.0765,54,0,0,1,0,0,1,0,0,0,0,0,0,0,0,0,0,0,0
412,1113,2022,9,1,0,0,1,0,0,0,63,0.0566,63,0,0,0,1,0,1,0,0,0,0,0,0,0,0,0,0,0,0
413,1113,2022,9,1,0,0,1,0,0,0,60,0.0539,60,0,0,1,1,0,1,0,0,0,0,0,0,0,0,0,0,0,0
414,1055,2022,9,1,0,1,1,0,0,0,165,0.1564,165,0,0,0,1,0,1,0,0,0,0,0,0,0,0,0,0,0,0
415,744,2022,9,1,0,0,1,0,0,0,118,0.1586,118,0,-1,1,1,0,1,0,0,0,0,0,0,0,0,0,0,0,0
416,988,2022,9,1,0,0,1,0,0,0,109,0.1103,109,0,0,0,0,0,1,0,0,0,0,0,0,0,0,0,0,0,0
417,1019,2022,9,1,0,0,1,0,0,0,67,0.0658,67,0,0,1,0,0,1,0,0,0,0,0,0,0,0,0,0,0,0
418,694,2022,9,1,0,0,2,0,1,0,76,0.1095,152,0,-1,0,1,0,1,0,0,0,0,0,0,0,0,0,0,0,0
419,694,2022,9,1,0,0,2,0,0,0,45,0.0648,90,0,0,1,0,0,0,0,0,0,0,0,0,1,0,0,0,0,0
420,706,2022,9,0,0,1,1,0,0,0,29,0.0411,29,0,1,1,1,0,1,0,0,0,0,0,0,0,0,0,0,0,0
421,1116,2022,9,0,1,0,2,0,0,0,77,0.069,154,0,0,0,1,0,1,0,0,0,0,0,0,0,0,0,0,0,0
422,1116,2022,9,0,1,0,1,0,0,0,101,0.0905,101,1,-1,-1,1,0,1,0,0,0,0,0,0,0,0,0,0,0,0
423,697,2022,9,0,1,1,1,0,0,0,38,0.0545,38,0,1,1,1,0,1,0,0,0,0,0,0,0,0,0,0,0,0
424,708,2022,9,0,1,1,1,0,0,0,69,0.0975,69,0,1,1,1,0,1,0,0,0,0,0,0,0,0,0,0,0,0
425,1059,2022,9,0,0,0,2,0,0,0,51,0.0482,102,0,0,1,0,0,1,0,0,0,0,0,0,0,0,0,0,0,0
426,992,2022,9,0,0,1,1,0,0,0,93,0.0938,93,0,0,1,1,0,1,0,0,0,0,0,0,0,0,0,0,0,0
427,698,2022,9,0,0,1,1,0,0,0,43,0.0616,43,0,0,1,1,0,1,0,0,0,0,0,0,0,0,0,0,0,0
428,962,2022,9,0,0,0,1,0,0,0,44,0.0457,44,1,0,1,1,0,1,0,0,0,0,0,0,0,0,0,0,0,0
429,699,2022,9,0,0,0,1,0,0,0,26,0.0372,26,0,0,-1,1,0,1,0,0,0,0,0,0,0,0,0,0,0,0
430,710,2022,9,0,0,1,1,0,0,0,29,0.0408,29,0,1,1,1,0,1,0,0,0,0,0,0,0,0,0,0,0,0
431,880,2022,9,0,1,0,2,0,0,0,48,0.0545,96,0,0,1,0,0,1,0,0,0,0,0,0,0,0,0,0,0,0
432,1030,2022,9,0,0,1,1,0,0,0,83,0.0806,83,0,1,0,0,0,1,0,0,0,0,0,0,0,0,0,0,0,0
433,707,2022,9,0,0,0,1,0,0,0,46,0.0651,46,0,0,1,0,0,1,0,0,0,0,0,0,0,0,0,0,0,0
434,1069,2022,9,1,0,0,1,0,0,0,60,0.0561,60,0,0,1,0,0,1,0,0,0,0,0,0,0,0,0,0,0,0
435,722,2022,8,1,0,0,1,0,0,0,45,0.0623,45,0,-1,1,0,0,1,0,0,0,0,0,0,0,0,0,0,0,0
436,724,2022,8,0,0,0,1,0,0,0,70,0.0967,70,0,0,0,0,0,1,0,0,0,0,0,0,0,0,0,0,0,0
437,727,2022,8,0,0,1,1,0,0,0,68,0.0935,68,0,0,1,0,0,1,0,0,0,0,0,0,0,0,0,0,0,0
438,1089,2022,8,0,0,0,1,0,0,0,138,0.1267,138,0,0,1,0,0,1,0,0,0,0,0,0,0,0,0,0,0,0
439,869,2022,8,0,0,1,1,0,0,0,100,0.1151,100,0,1,0,0,0,1,0,0,0,0,0,0,0,0,0,0,0,0
440,728,2022,8,0,0,0,1,0,0,0,62,0.0852,62,0,0,-1,1,0,1,0,0,0,0,0,0,0,0,0,0,0,0
441,728,2022,8,0,0,1,1,0,0,0,87,0.1195,87,0,1,1,1,0,1,0,0,0,0,0,0,0,0,0,0,0,0
442,728,2022,8,0,0,1,1,0,0,0,64,0.0879,64,0,-1,1,0,0,1,0,0,0,0,0,0,0,0,0,0,0,0
443,1090,2022,8,1,0,0,1,0,0,0,73,0.067,73,0,1,1,1,0,1,0,0,0,0,0,0,0,0,0,0,0,0
444,1090,2022,8,1,0,0,2,0,0,0,217,0.1991,434,0,1,0,1,0,1,0,0,0,0,0,0,0,0,0,0,0,0
445,807,2022,8,1,0,1,2,0,1,0,101,0.1252,202,0,1,0,1,0,0,0,1,0,0,0,0,0,0,0,0,0,0
446,905,2022,8,1,0,1,2,0,0,0,203,0.2243,406,0,1,0,1,0,1,0,0,0,0,0,0,0,0,0,0,0,0
447,732,2022,8,0,1,1,1,0,0,0,76,0.1038,76,0,0,1,1,0,1,0,0,0,0,0,0,0,0,0,0,0,0
448,733,2022,8,0,0,0,2,0,0,0,51,0.0696,102,0,1,1,1,0,1,0,0,0,0,0,0,0,0,0,0,0,0
449,1120,2022,8,0,0,1,3,1,0,0,293,0.2616,879,0,-1,1,1,0,0,1,0,0,0,0,0,0,0,0,0,0,0
450,934,2022,8,0,0,0,1,0,0,0,56,0.06,56,0,0,0,1,0,1,0,0,0,0,0,0,0,0,0,0,0,0
451,734,2022,8,0,0,0,2,0,1,0,39,0.0531,78,0,-1,1,0,0,1,0,0,0,0,0,0,0,0,0,0,0,0
452,745,2022,8,0,0,1,1,0,0,0,81,0.1087,81,0,1,0,1,0,1,0,0,0,0,0,0,0,0,0,0,0,0
453,745,2022,8,0,0,1,1,0,0,0,43,0.0577,43,0,1,0,1,0,1,0,0,0,0,0,0,0,0,0,0,0,0
454,735,2022,8,0,0,0,1,0,0,0,33,0.0449,33,0,1,1,1,0,1,0,0,0,0,0,0,0,0,0,0,0,0
455,735,2022,8,0,0,0,1,0,0,0,24,0.0327,24,0,0,1,1,0,1,0,0,0,0,0,0,0,0,0,0,0,0
456,746,2022,8,0,0,1,1,0,0,0,89,0.1193,89,0,1,0,1,0,1,0,0,0,0,0,0,0,0,0,0,0,0
457,1155,2022,8,1,0,0,1,0,0,0,63,0.0545,63,0,0,1,1,0,1,0,0,0,0,0,0,0,0,0,0,0,0
458,736,2022,8,1,0,1,2,0,0,0,68,0.0924,136,0,1,1,0,0,1,0,0,0,0,0,0,0,0,0,0,0,0
459,736,2022,8,1,0,0,1,0,0,0,56,0.0761,56,0,-1,1,1,0,1,0,0,0,0,0,0,0,0,0,0,0,0
460,747,2022,8,1,0,0,3,1,0,0,79,0.1058,237,0,-1,1,1,0,1,0,0,0,0,0,0,0,0,0,0,0,0
461,848,2022,8,0,1,0,1,0,0,0,46,0.0542,46,0,0,0,0,0,1,0,0,0,0,0,0,0,0,0,0,0,0
462,764,2022,7,1,0,0,1,0,0,0,51,0.0668,51,0,1,1,1,0,1,0,0,0,0,0,0,0,0,0,0,0,0
463,764,2022,7,1,0,0,1,0,0,0,30,0.0393,30,1,0,1,1,0,1,0,0,0,0,0,0,0,0,0,0,0,0
464,1127,2022,7,0,0,0,1,0,0,0,23,0.0204,23,0,1,0,1,0,1,0,0,0,0,0,0,0,0,0,0,0,0
465,1128,2022,7,0,1,0,1,0,0,0,53,0.047,53,0,0,1,1,0,1,0,0,0,0,0,0,0,0,0,0,0,0
466,1129,2022,7,0,0,0,2,0,1,0,187,0.1656,374,0,0,0,1,0,1,0,0,0,0,0,0,0,0,0,0,0,0
467,1129,2022,7,0,0,0,1,0,0,0,55,0.0487,55,0,0,1,1,0,1,0,0,0,0,0,0,0,0,0,0,0,0
468,768,2022,7,0,0,0,2,1,0,0,32,0.0417,64,0,-1,0,0,0,1,0,0,0,0,0,0,0,0,0,0,0,0
469,1130,2022,7,0,0,0,1,0,0,0,39,0.0345,39,0,-1,-1,1,0,1,0,0,0,0,0,0,0,0,0,0,0,0
470,769,2022,7,0,0,0,2,0,1,0,87,0.1131,174,0,0,0,1,0,0,0,1,0,0,0,0,0,0,0,0,0,0
471,769,2022,7,0,0,1,1,0,0,0,57,0.0741,57,0,1,1,1,0,1,0,0,0,0,0,0,0,0,0,0,0,0
472,780,2022,7,0,0,1,1,0,0,0,35,0.0449,35,0,1,0,1,0,1,0,0,0,0,0,0,0,0,0,0,0,0
473,1189,2022,7,0,0,0,2,0,0,0,64,0.0538,128,0,-1,0,1,0,1,0,0,0,0,0,0,0,0,0,0,0,0
474,1190,2022,7,1,0,0,2,0,0,0,76,0.0639,152,0,0,1,0,0,1,0,0,0,0,0,0,0,0,0,0,0,0
475,1132,2022,7,1,0,0,2,0,1,0,44,0.0389,88,0,0,0,1,0,1,0,0,0,0,0,0,0,0,0,0,0,0
476,771,2022,7,1,0,1,1,0,0,0,39,0.0506,39,0,1,0,1,0,1,0,0,0,0,0,0,0,0,0,0,0,0
477,771,2022,7,1,0,0,2,1,0,0,36,0.0467,72,0,1,-1,1,0,1,0,0,0,0,0,0,0,0,0,0,0,0
478,1160,2022,7,0,1,0,1,0,0,0,79,0.0681,79,0,1,1,1,0,1,0,0,0,0,0,0,0,0,0,0,0,0
479,1135,2022,7,0,1,0,2,0,1,0,54,0.0476,108,0,0,0,1,0,0,0,1,0,0,0,0,0,0,0,0,0,0
480,915,2022,7,0,1,0,2,0,1,0,92,0.1005,184,0,0,1,1,0,0,0,1,0,0,0,0,0,0,0,0,0,0
481,1136,2022,7,0,0,0,1,0,0,0,125,0.11,125,0,1,0,1,0,1,0,0,0,0,0,0,0,0,0,0,0,0
482,1136,2022,7,0,0,0,1,0,0,0,75,0.066,75,0,-1,1,1,0,1,0,0,0,0,0,0,0,0,0,0,0,0
483,1136,2022,7,0,0,0,1,0,0,0,155,0.1364,155,0,1,1,1,0,1,0,0,0,0,0,0,0,0,0,0,0,0
484,1162,2022,7,0,0,0,2,0,1,0,54,0.0465,108,0,0,0,1,0,0,0,1,0,0,0,0,0,0,0,0,0,0
485,807,2022,7,1,0,0,2,0,1,0,47,0.0582,94,0,0,1,0,0,0,0,1,0,0,0,0,0,0,0,0,0,0
486,791,2022,6,0,0,0,3,0,0,0,74,0.0936,222,1,0,1,1,0,0,0,0,0,0,0,0,0,0,0,1,0,0
487,792,2022,6,1,0,0,1,0,0,0,70,0.0884,70,0,0,0,0,0,1,0,0,0,0,0,0,0,0,0,0,0,0
488,802,2022,6,0,1,0,1,0,0,0,32,0.0399,32,1,0,1,1,0,1,0,0,0,0,0,0,0,0,0,0,0,0
489,819,2022,5,0,0,1,4,0,1,1,54,0.0659,216,0,0,1,0,0,0,1,0,0,0,0,0,0,0,0,0,0,0
490,1213,2022,5,1,0,0,1,0,0,0,61,0.0503,61,0,1,1,1,0,1,0,0,0,0,0,0,0,0,0,0,0,0
491,827,2022,5,1,0,1,1,0,0,0,49,0.0593,49,0,1,0,1,0,1,0,0,0,0,0,0,0,0,0,0,0,0
492,1192,2022,5,0,0,0,1,0,0,0,81,0.068,81,0,1,1,1,0,1,0,0,0,0,0,0,0,0,0,0,0,0
493,1192,2022,5,0,0,0,2,0,1,0,40,0.0336,80,0,0,1,1,0,1,0,0,0,0,0,0,0,0,0,0,0,0
494,1193,2022,5,0,0,0,2,0,1,0,85,0.0712,170,0,0,1,1,0,1,0,0,0,0,0,0,0,0,0,0,0,0
495,832,2022,5,0,0,0,1,0,0,0,28,0.0337,28,0,1,1,1,0,1,0,0,0,0,0,0,0,0,0,0,0,0
496,834,2022,5,1,0,0,2,0,1,0,85,0.1019,170,0,-1,1,1,0,1,0,0,0,0,0,0,0,0,0,0,0,0
497,1256,2022,5,0,1,0,1,0,0,0,121,0.0963,121,0,0,1,1,0,1,0,0,0,0,0,0,0,0,0,0,0,0
498,837,2022,5,0,1,0,1,0,0,0,84,0.1004,84,0,-1,0,1,0,1,0,0,0,0,0,0,0,0,0,0,0,0
499,1199,2022,5,0,0,0,1,0,0,0,60,0.05,60,0,-1,1,1,0,1,0,0,0,0,0,0,0,0,0,0,0,0
500,839,2022,5,0,0,0,2,0,0,0,40,0.0477,80,0,0,-1,1,0,1,0,0,0,0,0,0,0,0,0,0,0,0
501,1202,2022,5,1,0,0,1,0,0,0,50,0.0416,50,0,0,1,0,0,1,0,0,0,0,0,0,0,0,0,0,0,0
502,1205,2022,4,0,1,0,1,0,0,0,100,0.083,100,0,0,1,1,0,1,0,0,0,0,0,0,0,0,0,0,0,0
503,895,2022,4,0,0,1,2,0,0,0,75,0.0838,150,0,0,1,1,0,0,0,0,1,0,0,0,0,0,0,0,0,0
504,846,2022,4,0,0,1,1,0,0,0,66,0.078,66,0,1,1,0,0,1,0,0,0,0,0,0,0,0,0,0,0,0
505,1209,2022,4,1,0,0,2,1,0,0,53,0.0438,106,0,1,-1,1,0,1,0,0,0,0,0,0,0,0,0,0,0,0
506,1209,2022,4,1,0,1,1,0,0,0,131,0.1084,131,0,1,1,1,0,1,0,0,0,0,0,0,0,0,0,0,0,0
507,1142,2022,4,1,0,0,2,1,0,0,96,0.0841,192,0,0,1,1,0,1,0,0,0,0,0,0,0,0,0,0,0,0
508,848,2022,4,1,0,0,1,0,0,0,121,0.1427,121,0,-1,0,1,0,1,0,0,0,0,0,0,0,0,0,0,0,0
509,1271,2022,4,0,0,0,2,0,1,0,103,0.081,206,0,1,1,1,0,1,0,0,0,0,0,0,0,0,0,0,0,0
510,852,2022,4,0,0,0,1,0,0,0,140,0.1643,140,0,-1,1,1,0,1,0,0,0,0,0,0,0,0,0,0,0,0
511,863,2022,4,0,0,0,1,0,0,0,62,0.0718,62,0,-1,1,1,0,1,0,0,0,0,0,0,0,0,0,0,0,0
512,903,2022,4,0,0,0,1,0,0,0,30,0.0332,30,0,0,0,0,0,1,0,0,0,0,0,0,0,0,0,0,0,0
513,861,2022,4,0,0,0,1,0,0,0,41,0.0476,41,0,1,1,0,0,1,0,0,0,0,0,0,0,0,0,0,0,0
514,894,2022,3,0,0,1,3,0,0,1,76,0.085,228,0,0,0,0,0,0,0,0,0,0,0,0,1,0,0,0,0,0
515,895,2022,3,0,0,0,1,0,0,0,39,0.0436,39,0,0,1,0,0,1,0,0,0,0,0,0,0,0,0,0,0,0
516,1310,2022,2,0,0,0,4,0,0,0,157,0.1198,628,0,-1,1,1,0,0,1,0,0,0,0,0,0,0,0,0,0,0
517,1286,2022,2,1,0,0,1,0,0,0,91,0.0708,91,0,-1,1,1,0,1,0,0,0,0,0,0,0,0,0,0,0,0
518,925,2022,2,1,0,0,1,0,0,0,127,0.1373,127,0,-1,1,1,0,1,0,0,0,0,0,0,0,0,0,0,0,0
519,1290,2022,2,0,0,1,1,0,0,0,153,0.1186,153,0,0,1,1,0,1,0,0,0,0,0,0,0,0,0,0,0,0
520,930,2022,2,0,0,1,2,0,1,0,44,0.0473,88,0,0,1,0,0,1,0,0,0,0,0,0,0,0,0,0,0,0
521,941,2022,2,0,0,0,1,0,0,0,103,0.1095,103,0,-1,1,1,0,1,0,0,0,0,0,0,0,0,0,0,0,0
522,960,2022,2,0,0,0,1,0,0,0,44,0.0458,44,0,0,1,1,0,1,0,0,0,0,0,0,0,0,0,0,0,0
523,942,2022,2,0,0,1,1,0,0,0,42,0.0446,42,0,1,-1,1,0,1,0,0,0,0,0,0,0,0,0,0,0,0
524,1293,2022,1,1,0,0,1,0,0,0,53,0.041,53,0,0,1,1,0,1,0,0,0,0,0,0,0,0,0,0,0,0
525,939,2022,1,1,0,0,1,0,0,0,65,0.0692,65,0,-1,1,1,0,1,0,0,0,0,0,0,0,0,0,0,0,0
526,950,2022,1,1,0,0,1,0,0,0,73,0.0768,73,0,-1,1,1,0,1,0,0,0,0,0,0,0,0,0,0,0,0
527,951,2022,1,0,0,0,1,0,0,0,82,0.0862,82,0,-1,1,1,0,1,0,0,0,0,0,0,0,0,0,0,0,0
528,953,2022,1,0,1,0,1,0,0,0,89,0.0934,89,0,-1,1,1,0,1,0,0,0,0,0,0,0,0,0,0,0,0
529,953,2022,1,0,1,0,1,0,0,0,93,0.0976,93,0,-1,0,1,0,1,0,0,0,0,0,0,0,0,0,0,0,0
530,1304,2022,1,0,0,0,2,0,1,0,52,0.0399,104,0,-1,-1,1,0,1,0,0,0,0,0,0,0,0,0,0,0,0
531,1306,2022,1,0,0,1,1,0,0,0,192,0.147,192,0,1,1,0,0,1,0,0,0,0,0,0,0,0,0,0,0,0
532,945,2022,1,0,0,0,3,0,1,0,54,0.0571,162,0,1,0,1,0,0,0,0,0,0,1,0,0,0,0,0,0,0
533,945,2022,1,0,0,0,2,0,1,0,49,0.0519,98,0,-1,1,1,0,1,0,0,0,0,0,0,0,0,0,0,0,0
534,956,2022,1,0,0,0,1,0,0,0,129,0.1349,129,0,-1,-1,1,0,1,0,0,0,0,0,0,0,0,0,0,0,0
535,1307,2022,1,1,0,0,2,0,1,0,85,0.065,170,0,1,0,1,0,1,0,0,0,0,0,0,0,0,0,0,0,0
536,1307,2022,1,1,0,1,1,0,0,0,107,0.0819,107,0,0,0,1,0,1,0,0,0,0,0,0,0,0,0,0,0,0
537,946,2022,1,1,0,0,2,1,0,0,67,0.0708,134,0,0,1,1,0,1,0,0,0,0,0,0,0,0,0,0,0,0
538,1292,2021,12,1,0,1,2,0,0,0,47,0.0364,94,0,0,1,0,0,1,0,0,0,0,0,0,0,0,0,0,0,0
539,978,2021,12,0,0,0,2,0,0,0,56,0.0573,112,0,-1,0,0,0,0,0,0,0,0,0,0,0,0,0,0,1,0
540,1304,2021,12,0,0,0,1,0,0,0,52,0.0399,52,0,0,1,0,0,1,0,0,0,0,0,0,0,0,0,0,0,0
541,984,2021,12,0,1,0,1,0,0,0,32,0.0325,32,0,0,-1,0,0,1,0,0,0,0,0,0,0,0,0,0,0,0
542,1368,2021,11,0,0,0,1,0,0,0,39,0.0285,39,0,0,1,0,0,1,0,0,0,0,0,0,0,0,0,0,0,0
543,1009,2021,11,1,0,0,2,0,1,0,87,0.0862,174,0,0,-1,1,0,1,0,0,0,0,0,0,0,0,0,0,0,0
544,1013,2021,11,0,0,0,1,0,0,0,53,0.0523,53,0,0,1,1,0,1,0,0,0,0,0,0,0,0,0,0,0,0
545,1014,2021,11,0,0,0,2,0,1,0,36,0.0355,72,0,-1,-1,1,0,1,0,0,0,0,0,0,0,0,0,0,0,0
546,1025,2021,11,0,0,0,1,0,0,0,98,0.0956,98,0,-1,1,1,0,1,0,0,0,0,0,0,0,0,0,0,0,0
547,1015,2021,11,0,0,1,1,0,0,0,42,0.0414,42,0,0,1,1,0,1,0,0,0,0,0,0,0,0,0,0,0,0
548,1028,2021,11,0,0,1,2,0,0,1,57,0.0554,114,0,1,-1,0,0,1,0,0,0,0,0,0,0,0,0,0,0,0
549,1020,2021,11,0,0,0,3,0,1,0,59,0.0578,177,0,0,1,1,0,1,0,0,0,0,0,0,0,0,0,0,0,0
550,1168,2021,10,0,0,0,1,0,0,0,69,0.0591,69,0,0,0,1,0,1,0,0,0,0,0,0,0,0,0,0,0,0
551,1027,2021,10,0,0,0,1,0,0,0,45,0.0438,45,0,-1,1,0,0,1,0,0,0,0,0,0,0,0,0,0,0,0
552,1039,2021,10,0,0,0,1,0,0,0,76,0.0731,76,0,-1,1,1,0,1,0,0,0,0,0,0,0,0,0,0,0,0
553,1390,2021,10,0,0,1,1,0,0,0,100,0.0719,100,0,1,1,1,0,1,0,0,0,0,0,0,0,0,0,0,0,0
554,1420,2021,10,0,0,0,2,0,1,0,127,0.0894,254,0,0,0,1,0,0,0,1,0,0,0,0,0,0,0,0,0,0
555,1034,2021,10,0,0,0,1,0,0,0,57,0.0551,57,0,0,0,1,0,1,0,0,0,0,0,0,0,0,0,0,0,0
556,1049,2021,10,0,0,1,1,0,0,0,151,0.1439,151,0,-1,1,1,0,1,0,0,0,0,0,0,0,0,0,0,0,0
557,1177,2021,10,0,0,0,2,0,1,0,90,0.0765,180,0,1,0,1,0,1,0,0,0,0,0,0,0,0,0,0,0,0
558,1036,2021,10,0,0,0,2,0,0,0,60,0.0579,120,0,-1,-1,1,0,1,0,0,0,0,0,0,0,0,0,0,0,0
559,1403,2021,10,0,0,0,1,0,0,0,61,0.0435,61,0,0,1,1,0,1,0,0,0,0,0,0,0,0,0,0,0,0
560,1462,2021,10,0,0,1,1,0,0,0,225,0.1539,225,0,-1,0,1,0,1,0,0,0,0,0,0,0,0,0,0,0,0
561,1368,2021,10,0,0,0,1,0,0,0,133,0.0972,133,0,0,0,1,0,1,0,0,0,0,0,0,0,0,0,0,0,0
562,1433,2021,10,0,1,0,1,0,0,0,83,0.0579,83,0,1,-1,1,0,1,0,0,0,0,0,0,0,0,0,0,0,0
563,1047,2021,10,0,1,0,1,0,0,0,32,0.0306,32,0,0,1,1,0,1,0,0,0,0,0,0,0,0,0,0,0,0
564,1055,2021,9,0,0,1,1,0,0,0,73,0.0692,73,0,0,1,0,0,1,0,0,0,0,0,0,0,0,0,0,0,0
565,1072,2021,9,1,0,0,2,0,1,0,57,0.0532,114,0,0,1,0,0,1,0,0,0,0,0,0,0,0,0,0,0,0
566,1298,2021,8,0,0,0,1,0,0,0,71,0.0547,71,0,0,0,0,0,1,0,0,0,0,0,0,0,0,0,0,0,0
567,1479,2021,7,0,0,0,3,1,1,0,41,0.0277,123,0,0,0,0,0,0,0,1,0,0,0,0,0,0,0,0,0,0
568,1128,2021,7,1,0,1,3,0,0,0,38,0.0337,114,0,1,1,1,0,0,0,0,0,1,0,0,0,0,0,0,0,0
569,1130,2021,7,0,0,1,1,0,0,0,54,0.0478,54,0,0,1,1,0,1,0,0,0,0,0,0,0,0,0,0,0,0
570,1182,2021,7,0,0,1,3,0,0,0,96,0.0812,288,0,0,1,1,0,0,0,0,0,0,0,0,1,0,0,0,0,0
571,1133,2021,7,0,0,0,1,0,0,0,76,0.0671,76,1,0,1,1,0,1,0,0,0,0,0,0,0,0,0,0,0,0
572,1137,2021,7,0,0,1,1,0,0,0,109,0.0959,109,0,0,-1,1,0,1,0,0,0,0,0,0,0,0,0,0,0,0
573,1167,2021,7,0,1,1,1,0,0,0,59,0.0506,59,0,1,0,1,0,1,0,0,0,0,0,0,0,0,0,0,0,0
574,1570,2021,6,0,0,0,3,0,1,0,49,0.0312,147,0,0,1,1,0,0,1,0,0,0,0,0,0,0,0,0,0,0
575,1573,2021,6,0,0,0,1,0,0,0,95,0.0604,95,0,1,1,1,0,1,0,0,0,0,0,0,0,0,0,0,0,0
576,1160,2021,6,0,0,1,2,0,0,0,123,0.106,246,0,0,0,1,0,1,0,0,0,0,0,0,0,0,0,0,0,0
577,1168,2021,6,0,0,1,2,0,0,0,100,0.0856,200,0,0,1,1,0,1,0,0,0,0,0,0,0,0,0,0,0,0
578,1171,2021,6,0,0,0,2,0,1,0,140,0.1196,280,0,1,1,0,0,1,0,0,0,0,0,0,0,0,0,0,0,0
579,1562,2021,6,0,0,0,1,0,0,0,97,0.0621,97,0,-1,1,1,0,1,0,0,0,0,0,0,0,0,0,0,0,0
580,1537,2021,6,0,0,0,1,0,0,0,164,0.1067,164,0,-1,1,1,0,1,0,0,0,0,0,0,0,0,0,0,0,0
581,1180,2021,5,0,1,0,1,0,0,0,92,0.078,92,0,0,1,1,0,1,0,0,0,0,0,0,0,0,0,0,0,0
582,1181,2021,5,0,0,1,2,0,0,0,122,0.1033,244,0,1,0,1,0,1,0,0,0,0,0,0,0,0,0,0,0,0
583,1182,2021,5,0,0,1,4,1,1,0,109,0.0922,436,0,0,1,1,0,0,1,0,0,0,0,0,0,0,0,0,0,0
584,1200,2021,5,0,0,0,1,0,0,0,49,0.0408,49,0,0,0,1,0,1,0,0,0,0,0,0,0,0,0,0,0,0
585,1191,2021,5,1,0,0,1,0,0,0,37,0.0311,37,0,0,1,1,0,1,0,0,0,0,0,0,0,0,0,0,0,0
586,1196,2021,5,0,0,0,1,0,0,0,89,0.0744,89,0,0,-1,1,0,1,0,0,0,0,0,0,0,0,0,0,0,0
587,1209,2021,5,1,0,0,1,0,0,0,79,0.0653,79,0,0,0,1,0,1,0,0,0,0,0,0,0,0,0,0,0,0
588,1215,2021,4,0,1,1,2,1,0,0,100,0.0823,200,0,0,1,0,0,1,0,0,0,0,0,0,0,0,0,0,0,0
589,1233,2021,4,1,0,1,2,1,0,0,66,0.0535,132,0,0,0,0,0,1,0,0,0,0,0,0,0,0,0,0,0,0
590,1636,2021,2,1,0,1,3,1,0,0,59,0.0361,177,0,1,1,0,0,1,0,0,0,0,0,0,0,0,0,0,0,0
591,1382,2020,11,0,0,1,1,0,0,0,78,0.0564,78,0,-1,1,0,0,1,0,0,0,0,0,0,0,0,0,0,0,0
592,1498,2020,7,0,0,1,1,0,0,0,113,0.0754,113,0,1,-1,0,0,1,0,0,0,0,0,0,0,0,0,0,0,0
593,1594,2020,4,0,0,1,1,0,0,0,92,0.0577,92,0,1,0,0,0,1,0,0,0,0,0,0,0,0,0,0,0,0
594,1720,2019,12,0,0,1,1,0,0,0,107,0.0622,107,0,1,1,1,0,1,0,0,0,0,0,0,0,0,0,0,0,0
595,2094,2019,11,0,1,1,1,0,0,0,101,0.0482,101,0,1,-1,1,0,1,0,0,0,0,0,0,0,0,0,0,0,0
596,2095,2019,11,0,0,1,1,0,0,0,154,0.0735,154,0,0,1,0,0,1,0,0,0,0,0,0,0,0,0,0,0,0
597,1734,2019,11,0,0,1,1,0,0,0,41,0.0236,41,0,0,1,1,0,1,0,0,0,0,0,0,0,0,0,0,0,0
598,1735,2019,11,0,0,0,1,0,0,0,153,0.0882,153,0,1,1,1,0,1,0,0,0,0,0,0,0,0,0,0,0,0
599,1765,2019,11,0,1,0,3,0,0,0,86,0.0487,258,0,-1,-1,1,0,1,0,0,0,0,0,0,0,0,0,0,0,0
600,1762,2019,10,0,0,1,1,0,0,0,57,0.0323,57,0,1,1,0,0,1,0,0,0,0,0,0,0,0,0,0,0,0
601,1765,2019,10,1,0,1,1,0,0,0,76,0.0431,76,0,0,0,1,0,1,0,0,0,0,0,0,0,0,0,0,0,0
602,2129,2019,10,0,1,0,1,0,0,0,161,0.0756,161,0,1,0,1,0,1,0,0,0,0,0,0,0,0,0,0,0,0
603,1877,2019,10,0,1,1,1,0,0,0,157,0.0836,157,0,1,0,1,0,1,0,0,0,0,0,0,0,0,0,0,0,0
604,1786,2019,9,1,0,1,1,0,0,0,57,0.0319,57,0,0,1,1,0,1,0,0,0,0,0,0,0,0,0,0,0,0
605,1792,2019,9,0,0,1,1,0,0,0,75,0.0419,75,0,0,0,1,0,1,0,0,0,0,0,0,0,0,0,0,0,0
606,1806,2019,9,0,0,0,1,0,0,0,114,0.0631,114,0,1,1,1,0,1,0,0,0,0,0,0,0,0,0,0,0,0
607,1845,2019,8,0,1,0,2,0,0,0,41,0.0222,82,0,0,0,1,0,0,0,0,0,0,0,0,0,0,0,0,0,1
608,2217,2019,7,1,0,1,1,0,0,0,159,0.0717,159,0,1,1,1,0,1,0,0,0,0,0,0,0,0,0,0,0,0
609,1860,2019,7,0,0,1,1,0,0,0,90,0.0484,90,0,1,1,1,0,1,0,0,0,0,0,0,0,0,0,0,0,0
610,2046,2019,7,1,0,1,1,0,0,0,117,0.0572,117,0,1,-1,1,0,1,0,0,0,0,0,0,0,0,0,0,0,0
611,1884,2019,6,1,0,1,1,0,0,0,163,0.0865,163,0,0,0,1,0,1,0,0,0,0,0,0,0,0,0,0,0,0
612,2308,2019,6,0,0,0,3,0,1,0,108,0.0468,324,0,-1,-1,1,0,1,0,0,0,0,0,0,0,0,0,0,0,0
613,1914,2019,6,0,0,1,1,0,0,0,95,0.0496,95,0,0,1,1,0,1,0,0,0,0,0,0,0,0,0,0,0,0
614,1986,2019,3,0,0,0,2,1,0,0,89,0.0448,178,0,-1,1,0,0,1,0,0,0,0,0,0,0,0,0,0,0,0
615,2460,2018,10,0,0,0,1,0,0,0,134,0.0545,134,0,1,0,0,0,1,0,0,0,0,0,0,0,0,0,0,0,0
616,2639,2018,6,0,0,0,1,0,0,0,135,0.0512,135,0,1,1,0,0,1,0,0,0,0,0,0,0,0,0,0,0,0
617,2983,2016,10,0,1,1,1,0,0,0,80,0.0268,80,0,0,1,0,0,1,0,0,0,0,0,0,0,0,0,0,0,0
618,3631,2015,11,0,0,0,1,0,0,0,81,0.0223,81,0,0,1,0,0,1,0,0,0,0,0,0,0,0,0,0,0,0
619,4180,2013,4,0,0,1,1,0,0,0,252,0.0603,252,0,0,0,0,0,1,0,0,0,0,0,0,0,0,0,0,0,0
